factor,model_a,model_b,model_id_a,model_id_b,A_S_a,A_S_b,delta_A_S,delta_A_S_pp,delta_RA,delta_RA_pp,delta_II,delta_II_pp,delta_PFC,delta_PFC_pp,delta_PSC,delta_PSC_pp
attribute,Qwen,Gemma,qwen3_vl_4b_instruct,gemma3_4b_it,0.82,0.725,0.09499999999999997,9.499999999999996,0.048128342245989275,4.8128342245989275,0.0267379679144385,2.67379679144385,0.10999999999999999,10.999999999999998,0.08999999999999997,8.999999999999996
attribute,Qwen,Molmo,qwen3_vl_4b_instruct,molmo_7b_d_0924,0.82,0.67,0.1499999999999999,14.999999999999991,0.010362694300518172,1.0362694300518172,0.010362694300518172,1.0362694300518172,0.04500000000000004,4.5000000000000036,0.04500000000000004,4.5000000000000036
attribute,Qwen,Skywork,qwen3_vl_4b_instruct,skywork_vl_reward_7b,0.82,0.93,0.1100000000000001,11.00000000000001,0.0,0.0,0.0,0.0,0.0,0.0,0.0,0.0
attribute,Qwen,Idefics3,qwen3_vl_4b_instruct,idefics3_8b_llama3,0.82,0.765,0.05499999999999994,5.499999999999994,0.0,0.0,0.0,0.0,0.0,0.0,0.0,0.0
attribute,Qwen,Phi,qwen3_vl_4b_instruct,phi35_vision_instruct,0.82,0.805,0.014999999999999902,1.4999999999999902,0.15053763440860213,15.053763440860212,0.10752688172043012,10.752688172043012,0.20999999999999996,20.999999999999996,0.17000000000000004,17.000000000000004
attribute,Qwen,LLaVA,qwen3_vl_4b_instruct,llava_onevision_qwen2_7b,0.82,0.805,0.014999999999999902,1.4999999999999902,0.0,0.0,0.0,0.0,0.0,0.0,0.0,0.0
attribute,Qwen,InternVL,qwen3_vl_4b_instruct,internvl3_8b_hf,0.82,0.855,0.03500000000000003,3.500000000000003,0.0,0.0,0.0,0.0,0.0,0.0,0.0,0.0
attribute,Gemma,Molmo,gemma3_4b_it,molmo_7b_d_0924,0.725,0.67,0.05499999999999994,5.499999999999994,0.037765647945471104,3.7765647945471104,0.016375273613920327,1.6375273613920327,0.06499999999999995,6.499999999999995,0.04499999999999993,4.499999999999993
attribute,Gemma,Skywork,gemma3_4b_it,skywork_vl_reward_7b,0.725,0.93,0.20500000000000007,20.500000000000007,0.048128342245989275,4.8128342245989275,0.0267379679144385,2.67379679144385,0.10999999999999999,10.999999999999998,0.08999999999999997,8.999999999999996
attribute,Gemma,Idefics3,gemma3_4b_it,idefics3_8b_llama3,0.725,0.765,0.040000000000000036,4.0000000000000036,0.048128342245989275,4.8128342245989275,0.0267379679144385,2.67379679144385,0.10999999999999999,10.999999999999998,0.08999999999999997,8.999999999999996
attribute,Gemma,Phi,gemma3_4b_it,phi35_vision_instruct,0.725,0.805,0.08000000000000007,8.000000000000007,0.10240929216261285,10.240929216261286,0.08078891380599162,8.078891380599163,0.09999999999999998,9.999999999999998,0.08000000000000007,8.000000000000007
attribute,Gemma,LLaVA,gemma3_4b_it,llava_onevision_qwen2_7b,0.725,0.805,0.08000000000000007,8.000000000000007,0.048128342245989275,4.8128342245989275,0.0267379679144385,2.67379679144385,0.10999999999999999,10.999999999999998,0.08999999999999997,8.999999999999996
attribute,Gemma,InternVL,gemma3_4b_it,internvl3_8b_hf,0.725,0.855,0.13,13.0,0.048128342245989275,4.8128342245989275,0.0267379679144385,2.67379679144385,0.10999999999999999,10.999999999999998,0.08999999999999997,8.999999999999996
attribute,Molmo,Skywork,molmo_7b_d_0924,skywork_vl_reward_7b,0.67,0.93,0.26,26.0,0.010362694300518172,1.0362694300518172,0.010362694300518172,1.0362694300518172,0.04500000000000004,4.5000000000000036,0.04500000000000004,4.5000000000000036
attribute,Molmo,Idefics3,molmo_7b_d_0924,idefics3_8b_llama3,0.67,0.765,0.09499999999999997,9.499999999999996,0.010362694300518172,1.0362694300518172,0.010362694300518172,1.0362694300518172,0.04500000000000004,4.5000000000000036,0.04500000000000004,4.5000000000000036
attribute,Molmo,Phi,molmo_7b_d_0924,phi35_vision_instruct,0.67,0.805,0.135,13.5,0.14017494010808396,14.017494010808395,0.09716418741991195,9.716418741991195,0.16499999999999992,16.499999999999993,0.125,12.5
attribute,Molmo,LLaVA,molmo_7b_d_0924,llava_onevision_qwen2_7b,0.67,0.805,0.135,13.5,0.010362694300518172,1.0362694300518172,0.010362694300518172,1.0362694300518172,0.04500000000000004,4.5000000000000036,0.04500000000000004,4.5000000000000036
attribute,Molmo,InternVL,molmo_7b_d_0924,internvl3_8b_hf,0.67,0.855,0.18499999999999994,18.499999999999993,0.010362694300518172,1.0362694300518172,0.010362694300518172,1.0362694300518172,0.04500000000000004,4.5000000000000036,0.04500000000000004,4.5000000000000036
attribute,Skywork,Idefics3,skywork_vl_reward_7b,idefics3_8b_llama3,0.93,0.765,0.16500000000000004,16.500000000000004,0.0,0.0,0.0,0.0,0.0,0.0,0.0,0.0
attribute,Skywork,Phi,skywork_vl_reward_7b,phi35_vision_instruct,0.93,0.805,0.125,12.5,0.15053763440860213,15.053763440860212,0.10752688172043012,10.752688172043012,0.20999999999999996,20.999999999999996,0.17000000000000004,17.000000000000004
attribute,Skywork,LLaVA,skywork_vl_reward_7b,llava_onevision_qwen2_7b,0.93,0.805,0.125,12.5,0.0,0.0,0.0,0.0,0.0,0.0,0.0,0.0
attribute,Skywork,InternVL,skywork_vl_reward_7b,internvl3_8b_hf,0.93,0.855,0.07500000000000007,7.500000000000007,0.0,0.0,0.0,0.0,0.0,0.0,0.0,0.0
attribute,Idefics3,Phi,idefics3_8b_llama3,phi35_vision_instruct,0.765,0.805,0.040000000000000036,4.0000000000000036,0.15053763440860213,15.053763440860212,0.10752688172043012,10.752688172043012,0.20999999999999996,20.999999999999996,0.17000000000000004,17.000000000000004
attribute,Idefics3,LLaVA,idefics3_8b_llama3,llava_onevision_qwen2_7b,0.765,0.805,0.040000000000000036,4.0000000000000036,0.0,0.0,0.0,0.0,0.0,0.0,0.0,0.0
attribute,Idefics3,InternVL,idefics3_8b_llama3,internvl3_8b_hf,0.765,0.855,0.08999999999999997,8.999999999999996,0.0,0.0,0.0,0.0,0.0,0.0,0.0,0.0
attribute,Phi,LLaVA,phi35_vision_instruct,llava_onevision_qwen2_7b,0.805,0.805,0.0,0.0,0.15053763440860213,15.053763440860212,0.10752688172043012,10.752688172043012,0.20999999999999996,20.999999999999996,0.17000000000000004,17.000000000000004
attribute,Phi,InternVL,phi35_vision_instruct,internvl3_8b_hf,0.805,0.855,0.04999999999999993,4.999999999999993,0.15053763440860213,15.053763440860212,0.10752688172043012,10.752688172043012,0.20999999999999996,20.999999999999996,0.17000000000000004,17.000000000000004
attribute,LLaVA,InternVL,llava_onevision_qwen2_7b,internvl3_8b_hf,0.805,0.855,0.04999999999999993,4.999999999999993,0.0,0.0,0.0,0.0,0.0,0.0,0.0,0.0
count,Qwen,Gemma,qwen3_vl_4b_instruct,gemma3_4b_it,0.915,0.385,0.53,53.0,0.15413793103448273,15.413793103448272,0.12413793103448278,12.413793103448278,0.06499999999999997,6.499999999999997,0.365,36.5
count,Qwen,Molmo,qwen3_vl_4b_instruct,molmo_7b_d_0924,0.915,0.625,0.29000000000000004,29.000000000000004,0.01627450980392156,1.627450980392156,0.02941176470588236,2.941176470588236,0.07500000000000001,7.500000000000001,0.505,50.5
count,Qwen,Skywork,qwen3_vl_4b_instruct,skywork_vl_reward_7b,0.915,0.76,0.15500000000000003,15.500000000000004,0.45814070351758795,45.814070351758794,0.01005025125628145,1.005025125628145,0.45499999999999996,45.49999999999999,0.015000000000000013,1.5000000000000013
count,Qwen,Idefics3,qwen3_vl_4b_instruct,idefics3_8b_llama3,0.915,0.815,0.10000000000000009,10.000000000000009,0.5442857142857143,54.42857142857142,0.042328042328042326,4.232804232804233,0.505,50.5,0.09499999999999997,9.499999999999996
count,Qwen,Phi,qwen3_vl_4b_instruct,phi35_vision_instruct,0.915,0.635,0.28,28.000000000000004,0.03,3.0,0.048484848484848464,4.848484848484846,0.0050000000000000044,0.5000000000000004,0.21499999999999997,21.499999999999996
count,Qwen,LLaVA,qwen3_vl_4b_instruct,llava_onevision_qwen2_7b,0.915,0.785,0.13,13.0,0.25076502732240435,25.076502732240435,0.010928961748633892,1.0928961748633892,0.215,21.5,0.09499999999999997,9.499999999999996
count,Qwen,InternVL,qwen3_vl_4b_instruct,internvl3_8b_hf,0.915,0.69,0.2250000000000001,22.500000000000007,0.009999999999999981,0.9999999999999981,0.0,0.0,0.009999999999999981,0.9999999999999981,0.0,0.0
count,Gemma,Molmo,gemma3_4b_it,molmo_7b_d_0924,0.385,0.625,0.24,24.0,0.13786342123056117,13.786342123056116,0.09472616632860043,9.472616632860042,0.13999999999999999,13.999999999999998,0.14,14.000000000000002
count,Gemma,Skywork,gemma3_4b_it,skywork_vl_reward_7b,0.385,0.76,0.375,37.5,0.30400277248310525,30.400277248310527,0.11408767977820133,11.408767977820133,0.39,39.0,0.35,35.0
count,Gemma,Idefics3,gemma3_4b_it,idefics3_8b_llama3,0.385,0.815,0.42999999999999994,42.99999999999999,0.39014778325123156,39.01477832512315,0.08180988870644046,8.180988870644047,0.44000000000000006,44.00000000000001,0.27,27.0
count,Gemma,Phi,gemma3_4b_it,phi35_vision_instruct,0.385,0.635,0.25,25.0,0.12413793103448273,12.413793103448272,0.07565308254963432,7.565308254963432,0.06999999999999998,6.999999999999998,0.15000000000000002,15.000000000000002
count,Gemma,LLaVA,gemma3_4b_it,llava_onevision_qwen2_7b,0.385,0.785,0.4,40.0,0.09662709628792165,9.662709628792165,0.11320896928584889,11.32089692858489,0.15000000000000002,15.000000000000002,0.27,27.0
count,Gemma,InternVL,gemma3_4b_it,internvl3_8b_hf,0.385,0.69,0.30499999999999994,30.499999999999993,0.14413793103448275,14.413793103448274,0.12413793103448278,12.413793103448278,0.05499999999999999,5.499999999999999,0.365,36.5
count,Molmo,Skywork,molmo_7b_d_0924,skywork_vl_reward_7b,0.625,0.76,0.135,13.5,0.4418661937136664,44.18661937136664,0.01936151344960091,1.936151344960091,0.53,53.0,0.49,49.0
count,Molmo,Idefics3,molmo_7b_d_0924,idefics3_8b_llama3,0.625,0.815,0.18999999999999995,18.999999999999993,0.5280112044817927,52.801120448179276,0.012916277622159966,1.2916277622159966,0.5800000000000001,58.00000000000001,0.41000000000000003,41.0
count,Molmo,Phi,molmo_7b_d_0924,phi35_vision_instruct,0.625,0.635,0.010000000000000009,1.0000000000000009,0.013725490196078438,1.3725490196078438,0.019073083778966105,1.9073083778966105,0.07,7.000000000000001,0.29000000000000004,29.000000000000004
count,Molmo,LLaVA,molmo_7b_d_0924,llava_onevision_qwen2_7b,0.625,0.785,0.16000000000000003,16.000000000000004,0.23449051751848282,23.44905175184828,0.018482802957248468,1.8482802957248468,0.29000000000000004,29.000000000000004,0.41000000000000003,41.0
count,Molmo,InternVL,molmo_7b_d_0924,internvl3_8b_hf,0.625,0.69,0.06499999999999995,6.499999999999995,0.00627450980392158,0.627450980392158,0.02941176470588236,2.941176470588236,0.08499999999999999,8.5,0.505,50.5
count,Skywork,Idefics3,skywork_vl_reward_7b,idefics3_8b_llama3,0.76,0.815,0.05499999999999994,5.499999999999994,0.0861450107681263,8.61450107681263,0.032277791071760875,3.2277791071760875,0.050000000000000044,5.000000000000004,0.07999999999999996,7.9999999999999964
count,Skywork,Phi,skywork_vl_reward_7b,phi35_vision_instruct,0.76,0.635,0.125,12.5,0.428140703517588,42.8140703517588,0.03843459722856701,3.8434597228567013,0.45999999999999996,46.0,0.19999999999999996,19.999999999999996
count,Skywork,LLaVA,skywork_vl_reward_7b,llava_onevision_qwen2_7b,0.76,0.785,0.025000000000000022,2.500000000000002,0.2073756761951836,20.73756761951836,0.0008787104923524414,0.08787104923524414,0.24,24.0,0.07999999999999996,7.9999999999999964
count,Skywork,InternVL,skywork_vl_reward_7b,internvl3_8b_hf,0.76,0.69,0.07000000000000006,7.000000000000006,0.448140703517588,44.8140703517588,0.01005025125628145,1.005025125628145,0.445,44.5,0.015000000000000013,1.5000000000000013
count,Idefics3,Phi,idefics3_8b_llama3,phi35_vision_instruct,0.815,0.635,0.17999999999999994,17.999999999999993,0.5142857142857142,51.42857142857142,0.006156806156806138,0.6156806156806138,0.51,51.0,0.12,12.0
count,Idefics3,LLaVA,idefics3_8b_llama3,llava_onevision_qwen2_7b,0.815,0.785,0.029999999999999916,2.9999999999999916,0.2935206869633099,29.352068696330992,0.031399080579408434,3.1399080579408434,0.29000000000000004,29.000000000000004,0.0,0.0
count,Idefics3,InternVL,idefics3_8b_llama3,internvl3_8b_hf,0.815,0.69,0.125,12.5,0.5342857142857143,53.42857142857142,0.042328042328042326,4.232804232804233,0.49500000000000005,49.50000000000001,0.09499999999999997,9.499999999999996
count,Phi,LLaVA,phi35_vision_instruct,llava_onevision_qwen2_7b,0.635,0.785,0.15000000000000002,15.000000000000002,0.22076502732240438,22.07650273224044,0.03755588673621457,3.755588673621457,0.22,22.0,0.12,12.0
count,Phi,InternVL,phi35_vision_instruct,internvl3_8b_hf,0.635,0.69,0.05499999999999994,5.499999999999994,0.020000000000000018,2.0000000000000018,0.048484848484848464,4.848484848484846,0.014999999999999986,1.4999999999999987,0.21499999999999997,21.499999999999996
count,LLaVA,InternVL,llava_onevision_qwen2_7b,internvl3_8b_hf,0.785,0.69,0.09500000000000008,9.500000000000009,0.2407650273224044,24.07650273224044,0.010928961748633892,1.0928961748633892,0.20500000000000002,20.5,0.09499999999999997,9.499999999999996
presence,Qwen,Gemma,qwen3_vl_4b_instruct,gemma3_4b_it,0.895,0.75,0.14500000000000002,14.500000000000002,0.398989898989899,39.8989898989899,0.0,0.0,0.4,40.0,0.0050000000000000044,0.5000000000000004
presence,Qwen,Molmo,qwen3_vl_4b_instruct,molmo_7b_d_0924,0.895,0.795,0.09999999999999998,9.999999999999998,0.2562814070351759,25.628140703517587,0.01005025125628145,1.005025125628145,0.255,25.5,0.010000000000000009,1.0000000000000009
presence,Qwen,Skywork,qwen3_vl_4b_instruct,skywork_vl_reward_7b,0.895,0.845,0.050000000000000044,5.000000000000004,0.0,0.0,0.015075376884422065,1.5075376884422065,0.0,0.0,0.015000000000000013,1.5000000000000013
presence,Qwen,Idefics3,qwen3_vl_4b_instruct,idefics3_8b_llama3,0.895,0.79,0.10499999999999998,10.499999999999998,0.0,0.0,0.0050000000000000044,0.5000000000000004,0.0050000000000000044,0.5000000000000004,0.0,0.0
presence,Qwen,Phi,qwen3_vl_4b_instruct,phi35_vision_instruct,0.895,0.92,0.025000000000000022,2.500000000000002,0.26111111111111107,26.111111111111107,0.02777777777777779,2.777777777777779,0.32999999999999996,32.99999999999999,0.12,12.0
presence,Qwen,LLaVA,qwen3_vl_4b_instruct,llava_onevision_qwen2_7b,0.895,0.885,0.010000000000000009,1.0000000000000009,0.020000000000000018,2.0000000000000018,0.0,0.0,0.015000000000000013,1.5000000000000013,0.0050000000000000044,0.5000000000000004
presence,Qwen,InternVL,qwen3_vl_4b_instruct,internvl3_8b_hf,0.895,0.8,0.09499999999999997,9.499999999999996,0.0,0.0,0.0,0.0,0.0050000000000000044,0.5000000000000004,0.0050000000000000044,0.5000000000000004
presence,Gemma,Molmo,gemma3_4b_it,molmo_7b_d_0924,0.75,0.795,0.04500000000000004,4.5000000000000036,0.14270849195472313,14.270849195472312,0.01005025125628145,1.005025125628145,0.14500000000000002,14.500000000000002,0.0050000000000000044,0.5000000000000004
presence,Gemma,Skywork,gemma3_4b_it,skywork_vl_reward_7b,0.75,0.845,0.09499999999999997,9.499999999999996,0.398989898989899,39.8989898989899,0.015075376884422065,1.5075376884422065,0.4,40.0,0.010000000000000009,1.0000000000000009
presence,Gemma,Idefics3,gemma3_4b_it,idefics3_8b_llama3,0.75,0.79,0.040000000000000036,4.0000000000000036,0.398989898989899,39.8989898989899,0.0050000000000000044,0.5000000000000004,0.405,40.5,0.0050000000000000044,0.5000000000000004
presence,Gemma,Phi,gemma3_4b_it,phi35_vision_instruct,0.75,0.92,0.17000000000000004,17.000000000000004,0.13787878787878793,13.787878787878793,0.02777777777777779,2.777777777777779,0.07000000000000006,7.000000000000006,0.11499999999999999,11.5
presence,Gemma,LLaVA,gemma3_4b_it,llava_onevision_qwen2_7b,0.75,0.885,0.135,13.5,0.378989898989899,37.898989898989896,0.0,0.0,0.385,38.5,0.010000000000000009,1.0000000000000009
presence,Gemma,InternVL,gemma3_4b_it,internvl3_8b_hf,0.75,0.8,0.050000000000000044,5.000000000000004,0.398989898989899,39.8989898989899,0.0,0.0,0.405,40.5,0.010000000000000009,1.0000000000000009
presence,Molmo,Skywork,molmo_7b_d_0924,skywork_vl_reward_7b,0.795,0.845,0.04999999999999993,4.999999999999993,0.2562814070351759,25.628140703517587,0.005025125628140614,0.5025125628140614,0.255,25.5,0.0050000000000000044,0.5000000000000004
presence,Molmo,Idefics3,molmo_7b_d_0924,idefics3_8b_llama3,0.795,0.79,0.0050000000000000044,0.5000000000000004,0.2562814070351759,25.628140703517587,0.005050251256281446,0.5050251256281446,0.26,26.0,0.010000000000000009,1.0000000000000009
presence,Molmo,Phi,molmo_7b_d_0924,phi35_vision_instruct,0.795,0.92,0.125,12.5,0.004829704075935193,0.4829704075935193,0.01772752652149634,1.772752652149634,0.07499999999999996,7.499999999999996,0.10999999999999999,10.999999999999998
presence,Molmo,LLaVA,molmo_7b_d_0924,llava_onevision_qwen2_7b,0.795,0.885,0.08999999999999997,8.999999999999996,0.23628140703517586,23.628140703517587,0.01005025125628145,1.005025125628145,0.24,24.0,0.015000000000000013,1.5000000000000013
presence,Molmo,InternVL,molmo_7b_d_0924,internvl3_8b_hf,0.795,0.8,0.0050000000000000044,0.5000000000000004,0.2562814070351759,25.628140703517587,0.01005025125628145,1.005025125628145,0.26,26.0,0.015000000000000013,1.5000000000000013
presence,Skywork,Idefics3,skywork_vl_reward_7b,idefics3_8b_llama3,0.845,0.79,0.05499999999999994,5.499999999999994,0.0,0.0,0.01007537688442206,1.007537688442206,0.0050000000000000044,0.5000000000000004,0.015000000000000013,1.5000000000000013
presence,Skywork,Phi,skywork_vl_reward_7b,phi35_vision_instruct,0.845,0.92,0.07500000000000007,7.500000000000007,0.26111111111111107,26.111111111111107,0.012702400893355725,1.2702400893355725,0.32999999999999996,32.99999999999999,0.10499999999999998,10.499999999999998
presence,Skywork,LLaVA,skywork_vl_reward_7b,llava_onevision_qwen2_7b,0.845,0.885,0.040000000000000036,4.0000000000000036,0.020000000000000018,2.0000000000000018,0.015075376884422065,1.5075376884422065,0.015000000000000013,1.5000000000000013,0.020000000000000018,2.0000000000000018
presence,Skywork,InternVL,skywork_vl_reward_7b,internvl3_8b_hf,0.845,0.8,0.04499999999999993,4.499999999999993,0.0,0.0,0.015075376884422065,1.5075376884422065,0.0050000000000000044,0.5000000000000004,0.020000000000000018,2.0000000000000018
presence,Idefics3,Phi,idefics3_8b_llama3,phi35_vision_instruct,0.79,0.92,0.13,13.0,0.26111111111111107,26.111111111111107,0.022777777777777786,2.2777777777777786,0.33499999999999996,33.5,0.12,12.0
presence,Idefics3,LLaVA,idefics3_8b_llama3,llava_onevision_qwen2_7b,0.79,0.885,0.09499999999999997,9.499999999999996,0.020000000000000018,2.0000000000000018,0.0050000000000000044,0.5000000000000004,0.020000000000000018,2.0000000000000018,0.0050000000000000044,0.5000000000000004
presence,Idefics3,InternVL,idefics3_8b_llama3,internvl3_8b_hf,0.79,0.8,0.010000000000000009,1.0000000000000009,0.0,0.0,0.0050000000000000044,0.5000000000000004,0.0,0.0,0.0050000000000000044,0.5000000000000004
presence,Phi,LLaVA,phi35_vision_instruct,llava_onevision_qwen2_7b,0.92,0.885,0.03500000000000003,3.500000000000003,0.24111111111111105,24.111111111111107,0.02777777777777779,2.777777777777779,0.31499999999999995,31.499999999999993,0.125,12.5
presence,Phi,InternVL,phi35_vision_instruct,internvl3_8b_hf,0.92,0.8,0.12,12.0,0.26111111111111107,26.111111111111107,0.02777777777777779,2.777777777777779,0.33499999999999996,33.5,0.125,12.5
presence,LLaVA,InternVL,llava_onevision_qwen2_7b,internvl3_8b_hf,0.885,0.8,0.08499999999999996,8.499999999999996,0.020000000000000018,2.0000000000000018,0.0,0.0,0.020000000000000018,2.0000000000000018,0.0,0.0
spatial,Qwen,Gemma,qwen3_vl_4b_instruct,gemma3_4b_it,0.8,0.56,0.24,24.0,0.985,98.5,0.020547945205479423,2.0547945205479423,0.985,98.5,0.28500000000000003,28.500000000000004
spatial,Qwen,Molmo,qwen3_vl_4b_instruct,molmo_7b_d_0924,0.8,0.66,0.14,14.000000000000002,0.5863513513513514,58.635135135135144,0.006756756756756799,0.6756756756756799,0.69,69.0,0.265,26.5
spatial,Qwen,Skywork,qwen3_vl_4b_instruct,skywork_vl_reward_7b,0.8,0.845,0.04499999999999993,4.499999999999993,0.125,12.5,0.0,0.0,0.125,12.5,0.0,0.0
spatial,Qwen,Idefics3,qwen3_vl_4b_instruct,idefics3_8b_llama3,0.8,0.64,0.16000000000000003,16.000000000000004,0.43499999999999994,43.49999999999999,0.0,0.0,0.43499999999999994,43.49999999999999,0.0,0.0
spatial,Qwen,Phi,qwen3_vl_4b_instruct,phi35_vision_instruct,0.8,0.8484848484848485,0.048484848484848464,4.848484848484846,0.5110416666666666,51.104166666666664,0.015625,1.5625,0.53,53.0,0.05500000000000005,5.500000000000005
spatial,Qwen,LLaVA,qwen3_vl_4b_instruct,llava_onevision_qwen2_7b,0.8,0.785,0.015000000000000013,1.5000000000000013,0.11499999999999999,11.5,0.0,0.0,0.11499999999999999,11.5,0.0,0.0
spatial,Qwen,InternVL,qwen3_vl_4b_instruct,internvl3_8b_hf,0.8,0.685,0.11499999999999999,11.5,0.06999999999999995,6.999999999999995,0.0,0.0,0.06999999999999995,6.999999999999995,0.0,0.0
spatial,Gemma,Molmo,gemma3_4b_it,molmo_7b_d_0924,0.56,0.66,0.09999999999999998,9.999999999999998,0.39864864864864863,39.86486486486486,0.013791188448722624,1.3791188448722624,0.295,29.5,0.020000000000000018,2.0000000000000018
spatial,Gemma,Skywork,gemma3_4b_it,skywork_vl_reward_7b,0.56,0.845,0.2849999999999999,28.499999999999993,0.86,86.0,0.020547945205479423,2.0547945205479423,0.86,86.0,0.28500000000000003,28.500000000000004
spatial,Gemma,Idefics3,gemma3_4b_it,idefics3_8b_llama3,0.56,0.64,0.07999999999999996,7.9999999999999964,0.55,55.00000000000001,0.020547945205479423,2.0547945205479423,0.55,55.00000000000001,0.28500000000000003,28.500000000000004
spatial,Gemma,Phi,gemma3_4b_it,phi35_vision_instruct,0.56,0.8484848484848485,0.28848484848484846,28.848484848484844,0.4739583333333333,47.39583333333333,0.004922945205479423,0.4922945205479423,0.455,45.5,0.22999999999999998,23.0
spatial,Gemma,LLaVA,gemma3_4b_it,llava_onevision_qwen2_7b,0.56,0.785,0.22499999999999998,22.499999999999996,0.87,87.0,0.020547945205479423,2.0547945205479423,0.87,87.0,0.28500000000000003,28.500000000000004
spatial,Gemma,InternVL,gemma3_4b_it,internvl3_8b_hf,0.56,0.685,0.125,12.5,0.915,91.5,0.020547945205479423,2.0547945205479423,0.915,91.5,0.28500000000000003,28.500000000000004
spatial,Molmo,Skywork,molmo_7b_d_0924,skywork_vl_reward_7b,0.66,0.845,0.18499999999999994,18.499999999999993,0.46135135135135136,46.13513513513514,0.006756756756756799,0.6756756756756799,0.565,56.49999999999999,0.265,26.5
spatial,Molmo,Idefics3,molmo_7b_d_0924,idefics3_8b_llama3,0.66,0.64,0.020000000000000018,2.0000000000000018,0.15135135135135142,15.135135135135142,0.006756756756756799,0.6756756756756799,0.25500000000000006,25.500000000000007,0.265,26.5
spatial,Molmo,Phi,molmo_7b_d_0924,phi35_vision_instruct,0.66,0.8484848484848485,0.18848484848484848,18.848484848484848,0.07530968468468469,7.530968468468469,0.008868243243243201,0.8868243243243201,0.16000000000000003,16.000000000000004,0.20999999999999996,20.999999999999996
spatial,Molmo,LLaVA,molmo_7b_d_0924,llava_onevision_qwen2_7b,0.66,0.785,0.125,12.5,0.47135135135135137,47.13513513513514,0.006756756756756799,0.6756756756756799,0.575,57.49999999999999,0.265,26.5
spatial,Molmo,InternVL,molmo_7b_d_0924,internvl3_8b_hf,0.66,0.685,0.025000000000000022,2.500000000000002,0.5163513513513514,51.63513513513514,0.006756756756756799,0.6756756756756799,0.6200000000000001,62.000000000000014,0.265,26.5
spatial,Skywork,Idefics3,skywork_vl_reward_7b,idefics3_8b_llama3,0.845,0.64,0.20499999999999996,20.499999999999996,0.30999999999999994,30.999999999999993,0.0,0.0,0.30999999999999994,30.999999999999993,0.0,0.0
spatial,Skywork,Phi,skywork_vl_reward_7b,phi35_vision_instruct,0.845,0.8484848484848485,0.003484848484848535,0.3484848484848535,0.38604166666666667,38.604166666666664,0.015625,1.5625,0.40499999999999997,40.5,0.05500000000000005,5.500000000000005
spatial,Skywork,LLaVA,skywork_vl_reward_7b,llava_onevision_qwen2_7b,0.845,0.785,0.05999999999999994,5.999999999999995,0.010000000000000009,1.0000000000000009,0.0,0.0,0.010000000000000009,1.0000000000000009,0.0,0.0
spatial,Skywork,InternVL,skywork_vl_reward_7b,internvl3_8b_hf,0.845,0.685,0.15999999999999992,15.999999999999993,0.05500000000000005,5.500000000000005,0.0,0.0,0.05500000000000005,5.500000000000005,0.0,0.0
spatial,Idefics3,Phi,idefics3_8b_llama3,phi35_vision_instruct,0.64,0.8484848484848485,0.2084848484848485,20.84848484848485,0.07604166666666673,7.604166666666673,0.015625,1.5625,0.09500000000000003,9.500000000000004,0.05500000000000005,5.500000000000005
spatial,Idefics3,LLaVA,idefics3_8b_llama3,llava_onevision_qwen2_7b,0.64,0.785,0.14500000000000002,14.500000000000002,0.31999999999999995,31.999999999999996,0.0,0.0,0.31999999999999995,31.999999999999996,0.0,0.0
spatial,Idefics3,InternVL,idefics3_8b_llama3,internvl3_8b_hf,0.64,0.685,0.04500000000000004,4.5000000000000036,0.365,36.5,0.0,0.0,0.365,36.5,0.0,0.0
spatial,Phi,LLaVA,phi35_vision_instruct,llava_onevision_qwen2_7b,0.8484848484848485,0.785,0.06348484848484848,6.348484848484848,0.3960416666666667,39.60416666666667,0.015625,1.5625,0.415,41.5,0.05500000000000005,5.500000000000005
spatial,Phi,InternVL,phi35_vision_instruct,internvl3_8b_hf,0.8484848484848485,0.685,0.16348484848484846,16.348484848484844,0.4410416666666667,44.10416666666667,0.015625,1.5625,0.46,46.0,0.05500000000000005,5.500000000000005
spatial,LLaVA,InternVL,llava_onevision_qwen2_7b,internvl3_8b_hf,0.785,0.685,0.09999999999999998,9.999999999999998,0.04500000000000004,4.5000000000000036,0.0,0.0,0.04500000000000004,4.5000000000000036,0.0,0.0
