triplet_id,factor,ssim_rel,ssim_irr,pix_rel,pix_irr,lpips_rel,lpips_irr
count_000000,count,0.983766056664691,0.9738435093823897,0.2003173828125,0.1855621337890625,,
count_000001,count,0.9753533665006062,0.9561299349099409,0.0971221923828125,0.089935302734375,,
count_000002,count,0.9806454074672074,0.982841133779475,0.06597900390625,0.066864013671875,,
count_000003,count,0.8242881644778184,0.9051632083130241,0.3138885498046875,0.340850830078125,,
count_000004,count,0.9085546872203262,0.9392431927842532,0.351287841796875,0.36834716796875,,
count_000005,count,0.8813552434007037,0.870612964106061,0.3032379150390625,0.2823638916015625,,
count_000006,count,0.9686453117417815,0.9673074896240408,0.0857391357421875,0.089385986328125,,
count_000007,count,0.8694317696471745,0.8702068724839692,0.2204132080078125,0.23974609375,,
count_000008,count,0.9711474589626552,0.9652586509454352,0.151702880859375,0.14404296875,,
count_000009,count,0.9506936754482549,0.9288706133986967,0.223480224609375,0.21466064453125,,
count_000010,count,0.9560103537618326,0.9601304711057511,0.2068939208984375,0.1879425048828125,,
count_000011,count,0.9042509402019482,0.9457944308760026,0.1725921630859375,0.184295654296875,,
count_000012,count,0.9402323521199287,0.9531826824518415,0.1516876220703125,0.1655426025390625,,
count_000013,count,0.9692418684470397,0.977383647806698,0.168121337890625,0.1950531005859375,,
count_000014,count,0.8790529732472228,0.8755830194332681,0.2274627685546875,0.2333221435546875,,
count_000015,count,0.8255091955270236,0.8834636757922316,0.32403564453125,0.3820648193359375,,
count_000016,count,0.8850736963336368,0.8413006805933387,0.4827880859375,0.4353179931640625,,
count_000017,count,0.9578308836641467,0.8978444689470386,0.2093353271484375,0.1863250732421875,,
count_000018,count,0.8697835700893609,0.9157497684957108,0.268585205078125,0.2834014892578125,,
count_000019,count,0.9257134924810146,0.9714643783284749,0.261688232421875,0.3197021484375,,
count_000020,count,0.8989405507281409,0.9053529646329478,0.232421875,0.224395751953125,,
count_000021,count,0.9282551846481585,0.8828800370563936,0.27630615234375,0.2713470458984375,,
count_000022,count,0.8859156178348108,0.9274195249755631,0.38604736328125,0.434844970703125,,
count_000023,count,0.9822266609745465,0.9832183113501358,0.1121978759765625,0.1287689208984375,,
count_000024,count,0.92571910298477,0.8768436680796425,0.357147216796875,0.333465576171875,,
count_000025,count,0.9511364973433366,0.884811862072374,0.2205047607421875,0.1898345947265625,,
count_000026,count,0.909100037520143,0.9298789315617952,0.2302093505859375,0.2403564453125,,
count_000027,count,0.8850284639335484,0.9420029328725055,0.2937164306640625,0.2977447509765625,,
count_000028,count,0.9074922370246618,0.9394123117926193,0.3969879150390625,0.448822021484375,,
count_000029,count,0.9625493942357751,0.9678745355676646,0.214385986328125,0.2332305908203125,,
count_000030,count,0.917810222865218,0.9560805980197356,0.231719970703125,0.2598114013671875,,
count_000031,count,0.9777583431808557,0.982639934938488,0.108062744140625,0.1325836181640625,,
count_000032,count,0.9430665659491605,0.9288905034833452,0.3099822998046875,0.3050384521484375,,
count_000033,count,0.980058690008829,0.9828733636769007,0.1546173095703125,0.16796875,,
count_000034,count,0.9559694756949979,0.9569452847487704,0.1685943603515625,0.1499481201171875,,
count_000035,count,0.9075170322153836,0.9330771015120821,0.2105255126953125,0.2199249267578125,,
count_000036,count,0.8757500657577407,0.9235982703285524,0.27203369140625,0.287689208984375,,
count_000037,count,0.9839680471111144,0.9656751800078056,0.0906524658203125,0.0806884765625,,
count_000038,count,0.8933412024681591,0.9182363845288148,0.358062744140625,0.389556884765625,,
count_000039,count,0.9642202403045321,0.9736001250809245,0.09539794921875,0.108673095703125,,
count_000040,count,0.9418964780316076,0.9165599868486358,0.4441375732421875,0.410369873046875,,
count_000041,count,0.9818584829235568,0.9628813799854306,0.12744140625,0.1185150146484375,,
count_000042,count,0.9450326470023289,0.9658831062954559,0.2082672119140625,0.2363739013671875,,
count_000043,count,0.9531450525854483,0.9730290241208172,0.1047210693359375,0.130401611328125,,
count_000044,count,0.8302629459707754,0.7893752875669096,0.3359527587890625,0.3165283203125,,
count_000045,count,0.9237456972276574,0.9115304849002737,0.34161376953125,0.342620849609375,,
count_000046,count,0.9453804859900431,0.9686558748690375,0.13287353515625,0.15472412109375,,
count_000047,count,0.9529260067927713,0.9563445210451549,0.2090911865234375,0.227874755859375,,
count_000048,count,0.9297171354021937,0.9224988688596129,0.45318603515625,0.4423370361328125,,
count_000049,count,0.9112198515897656,0.8747494980304238,0.3819427490234375,0.357147216796875,,
count_000050,count,0.9518647863410133,0.9651232095904696,0.0989532470703125,0.10546875,,
count_000051,count,0.8625865380060159,0.9259081376543356,0.3087921142578125,0.3504486083984375,,
count_000052,count,0.9664290445257134,0.9845838269956333,0.1063079833984375,0.1202392578125,,
count_000053,count,0.9401377178007168,0.9500767318964443,0.3168487548828125,0.3338623046875,,
count_000054,count,0.8928653279434707,0.8592717610879597,0.27557373046875,0.268646240234375,,
count_000055,count,0.9821192442594895,0.9836370707193511,0.056182861328125,0.0640716552734375,,
count_000056,count,0.9864359045969379,0.9812900355034716,0.2132415771484375,0.185821533203125,,
count_000057,count,0.9602525034416312,0.9644699306408099,0.2467193603515625,0.257720947265625,,
count_000058,count,0.7854848884629558,0.7502336661572562,0.412200927734375,0.39208984375,,
count_000059,count,0.8131013293460245,0.9251826775479454,0.3379974365234375,0.3829803466796875,,
count_000060,count,0.9769562665240471,0.968939616431155,0.1391754150390625,0.1302032470703125,,
count_000061,count,0.9705666666918048,0.9540454203436151,0.2047576904296875,0.189208984375,,
count_000062,count,0.9712817914707738,0.9795819491034145,0.1079559326171875,0.123687744140625,,
count_000063,count,0.9326825107091864,0.898808824782904,0.2355194091796875,0.2498016357421875,,
count_000064,count,0.8420876479536101,0.7266531519995584,0.3643798828125,0.3127593994140625,,
count_000065,count,0.9387247855773289,0.8870258406115193,0.35791015625,0.3230438232421875,,
count_000066,count,0.8685270388303011,0.7995817117770656,0.285064697265625,0.2616729736328125,,
count_000067,count,0.874421552639248,0.8970184962617193,0.2071533203125,0.2175140380859375,,
count_000068,count,0.8316601105709736,0.8719106518388366,0.422149658203125,0.406768798828125,,
count_000069,count,0.9735973067432839,0.957559541646799,0.1687469482421875,0.1558837890625,,
count_000070,count,0.965749586258789,0.9793423040959329,0.1165924072265625,0.1389923095703125,,
count_000071,count,0.9156001834458856,0.9347621410163195,0.31158447265625,0.3557891845703125,,
count_000072,count,0.9235272041130255,0.8400923862749831,0.371795654296875,0.3345794677734375,,
count_000073,count,0.8548778103491796,0.6989708504198965,0.4959869384765625,0.4260406494140625,,
count_000074,count,0.9322053056256377,0.8796866242406779,0.264739990234375,0.25115966796875,,
count_000075,count,0.8490619019351681,0.932553905102131,0.2841644287109375,0.314422607421875,,
count_000076,count,0.7952404671115355,0.8996745205079264,0.3285064697265625,0.3690643310546875,,
count_000077,count,0.9524213347133369,0.9446427123615201,0.1993255615234375,0.1995391845703125,,
count_000078,count,0.8263780329091536,0.909720865143866,0.3177642822265625,0.36376953125,,
count_000079,count,0.9829388951562478,0.984832417258944,0.1461029052734375,0.179962158203125,,
count_000080,count,0.9908977403302184,0.9737679217451549,0.1327667236328125,0.1102142333984375,,
count_000081,count,0.9212433336524253,0.8629400513310514,0.3807373046875,0.3440704345703125,,
count_000082,count,0.9813649662946757,0.9815830501960303,0.0667266845703125,0.063720703125,,
count_000083,count,0.977202721670206,0.9929803010371947,0.057525634765625,0.07769775390625,,
count_000084,count,0.9419336847349961,0.9602123714118869,0.143890380859375,0.150604248046875,,
count_000085,count,0.9867621549650745,0.9712385296683087,0.0870361328125,0.077056884765625,,
count_000086,count,0.9740164301058096,0.9733969532262035,0.0840911865234375,0.0866241455078125,,
count_000087,count,0.9881664620087323,0.9824185057156266,0.0474090576171875,0.04998779296875,,
count_000088,count,0.9187132149879255,0.8786484877560514,0.29669189453125,0.2555389404296875,,
count_000089,count,0.9678792110171951,0.939276425377348,0.1747589111328125,0.1645050048828125,,
count_000090,count,0.86496815159407,0.8363555759737096,0.35430908203125,0.3307037353515625,,
count_000091,count,0.9675128299542637,0.9823099287135957,0.101959228515625,0.1212005615234375,,
count_000092,count,0.8845918610669012,0.9037290923891806,0.4454498291015625,0.4528961181640625,,
count_000093,count,0.9840766237985082,0.9724839282956331,0.072357177734375,0.067108154296875,,
count_000094,count,0.8210824671098644,0.8163404659786829,0.342987060546875,0.3540496826171875,,
count_000095,count,0.9660407640022037,0.9737427326377842,0.07952880859375,0.0932159423828125,,
count_000096,count,0.9815014075561723,0.9797682160331027,0.213134765625,0.2067413330078125,,
count_000097,count,0.987852750269325,0.9851307917702937,0.06292724609375,0.0603485107421875,,
count_000098,count,0.9057570999771165,0.8911237191074172,0.36871337890625,0.3516693115234375,,
count_000099,count,0.9522250168503541,0.9758528675717779,0.1040191650390625,0.11474609375,,
count_000100,count,0.8686576622481215,0.8709813567682774,0.2730865478515625,0.264068603515625,,
count_000101,count,0.895391851141021,0.8580000779415942,0.44024658203125,0.4697113037109375,,
count_000102,count,0.9182512966086107,0.9427691518383501,0.16094970703125,0.171844482421875,,
count_000103,count,0.9511443504930799,0.9304393413295932,0.1405181884765625,0.1298065185546875,,
count_000104,count,0.9707789692184591,0.9558778214098304,0.21636962890625,0.1956329345703125,,
count_000105,count,0.8503871161804674,0.8123897587599301,0.452911376953125,0.41680908203125,,
count_000106,count,0.9722629173934881,0.981083704040223,0.1055450439453125,0.11334228515625,,
count_000107,count,0.7027372535834067,0.775304380778711,0.3279571533203125,0.34197998046875,,
count_000108,count,0.9844574859706896,0.9929168981298697,0.124725341796875,0.152191162109375,,
count_000109,count,0.8506125571199759,0.8633778731645672,0.45306396484375,0.4777984619140625,,
count_000110,count,0.8053378514974536,0.7701104362886195,0.3558502197265625,0.3427886962890625,,
count_000111,count,0.9880478703931549,0.9871606943285846,0.057647705078125,0.0653228759765625,,
count_000112,count,0.8780067709911213,0.7828764343109166,0.4612274169921875,0.43255615234375,,
count_000113,count,0.9903879086123174,0.9790882147026627,0.0703125,0.0626068115234375,,
count_000114,count,0.9467989145880095,0.9089981285448048,0.192230224609375,0.1676788330078125,,
count_000115,count,0.9331691902363717,0.9777749520936183,0.1627960205078125,0.201171875,,
count_000116,count,0.9632325373448734,0.9735136585405432,0.1671142578125,0.178619384765625,,
count_000117,count,0.9371910235952304,0.950657079194839,0.273895263671875,0.2996063232421875,,
count_000118,count,0.9766869920824692,0.9876853869384002,0.1379547119140625,0.1556396484375,,
count_000119,count,0.9728898631945875,0.962492959393814,0.063446044921875,0.0671539306640625,,
count_000120,count,0.9607600277609297,0.9469483579949334,0.134246826171875,0.1060638427734375,,
count_000121,count,0.9633346472857884,0.9298412201394923,0.16070556640625,0.1475372314453125,,
count_000122,count,0.8269960496480881,0.8003132312247372,0.44842529296875,0.4193572998046875,,
count_000123,count,0.8732015740053876,0.9271091665987138,0.22320556640625,0.2559814453125,,
count_000124,count,0.9584889534884524,0.9661837423834019,0.10491943359375,0.102325439453125,,
count_000125,count,0.9473767048289774,0.9644442738587865,0.203399658203125,0.22479248046875,,
count_000126,count,0.7900261438520418,0.7122685067499835,0.4268798828125,0.4034881591796875,,
count_000127,count,0.9548871744676832,0.957358052938597,0.1389312744140625,0.158172607421875,,
count_000128,count,0.9115048958668037,0.7807340521606988,0.3743438720703125,0.30401611328125,,
count_000129,count,0.9892659788604551,0.9841445113222319,0.0819854736328125,0.0767669677734375,,
count_000130,count,0.9143766132306046,0.8782662212628813,0.4041900634765625,0.3940277099609375,,
count_000131,count,0.8052323844688324,0.8905675033501362,0.397857666015625,0.40277099609375,,
count_000132,count,0.9719546637089221,0.973124071924711,0.05291748046875,0.0512542724609375,,
count_000133,count,0.947106040975347,0.9156941919207087,0.3741607666015625,0.3552398681640625,,
count_000134,count,0.9742976175676814,0.9814499710186454,0.108978271484375,0.117919921875,,
count_000135,count,0.9423112257613869,0.8608417346010716,0.3256683349609375,0.3205108642578125,,
count_000136,count,0.8398999557349809,0.7614697154249706,0.408477783203125,0.3583984375,,
count_000137,count,0.9493702392321152,0.9319463031664104,0.2303009033203125,0.20343017578125,,
count_000138,count,0.9623407344237024,0.9621304705268018,0.1250457763671875,0.1152191162109375,,
count_000139,count,0.9578222656114865,0.9849996068223253,0.1459197998046875,0.1799774169921875,,
count_000140,count,0.9785877410932506,0.991436425973256,0.06109619140625,0.07415771484375,,
count_000141,count,0.9856094565703182,0.9901486645463935,0.0584716796875,0.06561279296875,,
count_000142,count,0.9153152391808208,0.9441845202801687,0.2296600341796875,0.2467803955078125,,
count_000143,count,0.9079775455303355,0.9162162237519736,0.18060302734375,0.194915771484375,,
count_000144,count,0.9666707447329848,0.901743916008363,0.295867919921875,0.2390899658203125,,
count_000145,count,0.9570350495260188,0.9413703425093266,0.1536865234375,0.14520263671875,,
count_000146,count,0.9698908062491097,0.9736604174336553,0.123046875,0.1248779296875,,
count_000147,count,0.8455272545864739,0.8916332631085253,0.3023681640625,0.329193115234375,,
count_000148,count,0.9557967024579203,0.9683976341019631,0.17010498046875,0.17913818359375,,
count_000149,count,0.9516790920878392,0.9513561759489428,0.2033233642578125,0.1790618896484375,,
count_000150,count,0.813446899082077,0.7646494791951426,0.390045166015625,0.3802032470703125,,
count_000151,count,0.9872705571108099,0.9883948749572207,0.048858642578125,0.054901123046875,,
count_000152,count,0.9395506459481378,0.8746052354259305,0.2815704345703125,0.261260986328125,,
count_000153,count,0.9392438582601755,0.9241109502255506,0.3714141845703125,0.389312744140625,,
count_000154,count,0.7866100664675656,0.7543925870116767,0.3404083251953125,0.321868896484375,,
count_000155,count,0.9483151341552493,0.9706422052685287,0.0914459228515625,0.0956878662109375,,
count_000156,count,0.9654301280834259,0.9677084031397796,0.1008758544921875,0.0977783203125,,
count_000157,count,0.9816341311441182,0.9798419284910129,0.098663330078125,0.0904998779296875,,
count_000158,count,0.9708013045590517,0.9774261780431199,0.057373046875,0.0613861083984375,,
count_000159,count,0.9271431698307353,0.8636359532164026,0.212127685546875,0.20904541015625,,
count_000160,count,0.9681856289567702,0.9626415400707927,0.1844329833984375,0.175628662109375,,
count_000161,count,0.8987943458840072,0.8710773457386565,0.3541717529296875,0.3279266357421875,,
count_000162,count,0.8906232400037979,0.8596391532980812,0.444732666015625,0.4149017333984375,,
count_000163,count,0.9765668155917854,0.9813810791453944,0.084197998046875,0.0924224853515625,,
count_000164,count,0.8364431565733381,0.860479138759378,0.2868194580078125,0.276611328125,,
count_000165,count,0.9605797992889469,0.9651453312030436,0.1231231689453125,0.1308135986328125,,
count_000166,count,0.9368541781252343,0.9179358660404461,0.1865692138671875,0.1822662353515625,,
count_000167,count,0.792233033694133,0.8029447964525266,0.326080322265625,0.3561859130859375,,
count_000168,count,0.9900019047887786,0.9786036527129635,0.1435546875,0.1162567138671875,,
count_000169,count,0.8996974083431215,0.9133636404357549,0.29730224609375,0.3090057373046875,,
count_000170,count,0.9804920658806959,0.9638304857675564,0.141143798828125,0.117706298828125,,
count_000171,count,0.9673152422767509,0.989817251540807,0.0926513671875,0.117919921875,,
count_000172,count,0.8770528041363385,0.923213713094975,0.41009521484375,0.3933563232421875,,
count_000173,count,0.9639558212500141,0.9622663693068935,0.1608123779296875,0.1430206298828125,,
count_000174,count,0.9618479895518921,0.9815745301145564,0.0786590576171875,0.09307861328125,,
count_000175,count,0.9025447797010302,0.816423558058617,0.3306121826171875,0.3314208984375,,
count_000176,count,0.9905115226841403,0.9870463622949286,0.0816802978515625,0.075225830078125,,
count_000177,count,0.8672870553271123,0.8450311618390148,0.3743743896484375,0.362884521484375,,
count_000178,count,0.9840355720508297,0.9703349613339728,0.1328582763671875,0.11114501953125,,
count_000179,count,0.7840428374884437,0.8324644419741623,0.38970947265625,0.40899658203125,,
count_000180,count,0.922821307718572,0.9477083453194455,0.2120361328125,0.2202301025390625,,
count_000181,count,0.9006532626205318,0.8897664085782309,0.4124603271484375,0.3891754150390625,,
count_000182,count,0.7596671680289357,0.7452229992031039,0.4077606201171875,0.416351318359375,,
count_000183,count,0.8495940336206411,0.7581756777408191,0.3596038818359375,0.3526611328125,,
count_000184,count,0.986046532124326,0.980874664605363,0.1530609130859375,0.1342315673828125,,
count_000185,count,0.9902375600926863,0.9915483850065815,0.07257080078125,0.0764923095703125,,
count_000186,count,0.9593518659353072,0.9461909810337368,0.1278076171875,0.1274261474609375,,
count_000187,count,0.8822941292842982,0.9423836772139518,0.253509521484375,0.28546142578125,,
count_000188,count,0.9457649320251197,0.948883865121117,0.18695068359375,0.180633544921875,,
count_000189,count,0.8078473875407556,0.8335786137852631,0.4223785400390625,0.4371337890625,,
count_000190,count,0.9511375604268585,0.9411416810367502,0.1532135009765625,0.141876220703125,,
count_000191,count,0.9667807202520263,0.9660322213586259,0.09375,0.102691650390625,,
count_000192,count,0.9843923479844762,0.9746824776079067,0.0814666748046875,0.0767669677734375,,
count_000193,count,0.9744580724676427,0.9553328106570648,0.1816864013671875,0.151611328125,,
count_000194,count,0.8572598796811858,0.79827871882728,0.4403533935546875,0.4265594482421875,,
count_000195,count,0.8730740883958945,0.9224143072984291,0.395782470703125,0.471954345703125,,
count_000196,count,0.9301960461146819,0.9522540132446955,0.215301513671875,0.2242431640625,,
count_000197,count,0.9717166355102598,0.9681689682811649,0.086761474609375,0.0870819091796875,,
count_000198,count,0.9679097401223079,0.9649422367415701,0.155181884765625,0.16168212890625,,
count_000199,count,0.9344262188867881,0.9333518434982372,0.140045166015625,0.158203125,,
attr_000000,attribute,0.9876136458422645,0.9792316476222979,0.0589599609375,0.1139068603515625,,
attr_000001,attribute,0.9634071377294372,0.9402541967079191,0.182220458984375,0.243011474609375,,
attr_000002,attribute,0.9166877492961278,0.882581476925057,0.3080902099609375,0.4031982421875,,
attr_000003,attribute,0.9550621508581394,0.8407507774236134,0.1916351318359375,0.4325408935546875,,
attr_000004,attribute,0.9838896750853995,0.9806698371202537,0.0666656494140625,0.0798187255859375,,
attr_000005,attribute,0.9845002150330219,0.9884553458715585,0.0844573974609375,0.0963287353515625,,
attr_000006,attribute,0.9977421470952343,0.9963157983021362,0.0322113037109375,0.0647125244140625,,
attr_000007,attribute,0.9865511304406345,0.9816980996369973,0.142608642578125,0.1650543212890625,,
attr_000008,attribute,0.9869985205038672,0.9908101842098079,0.0515289306640625,0.05865478515625,,
attr_000009,attribute,0.9838451974221151,0.9786721993280187,0.0608978271484375,0.1138458251953125,,
attr_000010,attribute,0.9860759904643196,0.9597411196498759,0.072479248046875,0.119964599609375,,
attr_000011,attribute,0.9797818282766527,0.9801127093181019,0.0663604736328125,0.1133880615234375,,
attr_000012,attribute,0.9607733451795255,0.8858656946624166,0.13507080078125,0.250457763671875,,
attr_000013,attribute,0.9268027908044981,0.9147826010702731,0.224578857421875,0.2159271240234375,,
attr_000014,attribute,0.9404720411233995,0.9235128513577403,0.22235107421875,0.2635650634765625,,
attr_000015,attribute,0.9806459562433695,0.9611169233752865,0.1066436767578125,0.237396240234375,,
attr_000016,attribute,0.9910755077740165,0.9827401948287847,0.1565399169921875,0.1799163818359375,,
attr_000017,attribute,0.9922609174023176,0.9934206052902976,0.0977935791015625,0.1390380859375,,
attr_000018,attribute,0.9817779721668646,0.9394226179395505,0.10919189453125,0.3368988037109375,,
attr_000019,attribute,0.9747027465142307,0.9627746153838067,0.1136932373046875,0.1040191650390625,,
attr_000020,attribute,0.9707602975880434,0.9704993588207347,0.11248779296875,0.1240692138671875,,
attr_000021,attribute,0.9708554108775511,0.9219222444948602,0.1100006103515625,0.2532501220703125,,
attr_000022,attribute,0.9732971920300834,0.8762603763579665,0.175628662109375,0.3932342529296875,,
attr_000023,attribute,0.9192082919043465,0.9198570094537041,0.236297607421875,0.2559814453125,,
attr_000024,attribute,0.9600389710519961,0.8706886958666411,0.1864013671875,0.404510498046875,,
attr_000025,attribute,0.9375380777080143,0.916226537172878,0.2235107421875,0.27618408203125,,
attr_000026,attribute,0.9950419548563174,0.9950719811637379,0.067535400390625,0.0553436279296875,,
attr_000027,attribute,0.9964307469052116,0.9950104300456103,0.03216552734375,0.063232421875,,
attr_000028,attribute,0.9910440193062532,0.9668729012376416,0.0489349365234375,0.1262664794921875,,
attr_000029,attribute,0.9881438140881411,0.9902105626929854,0.0711212158203125,0.06085205078125,,
attr_000030,attribute,0.9602311873440362,0.9105792345227384,0.1234588623046875,0.284393310546875,,
attr_000031,attribute,0.9112165512442084,0.8713807006981781,0.284515380859375,0.31561279296875,,
attr_000032,attribute,0.9701767474341186,0.9763657003052353,0.092376708984375,0.075775146484375,,
attr_000033,attribute,0.961377051795557,0.9314813379631053,0.1495361328125,0.3365478515625,,
attr_000034,attribute,0.974659785834065,0.9640294926434335,0.15411376953125,0.1462249755859375,,
attr_000035,attribute,0.9855143545848876,0.9804535285806161,0.075927734375,0.0910186767578125,,
attr_000036,attribute,0.9943242579037622,0.9906267967202447,0.0634765625,0.1438751220703125,,
attr_000037,attribute,0.9898415989593836,0.9857329496095416,0.1005859375,0.130889892578125,,
attr_000038,attribute,0.9348889420448572,0.9382886000678549,0.295654296875,0.267486572265625,,
attr_000039,attribute,0.9860926344552602,0.9666130893794708,0.0494537353515625,0.12762451171875,,
attr_000040,attribute,0.9887265151617243,0.9743538954548328,0.06097412109375,0.0900726318359375,,
attr_000041,attribute,0.9418656350101177,0.9549173522773352,0.1836395263671875,0.1483306884765625,,
attr_000042,attribute,0.9885398057353288,0.9741727713135975,0.0505523681640625,0.1004638671875,,
attr_000043,attribute,0.9906588498137342,0.988039761403364,0.0614166259765625,0.0596923828125,,
attr_000044,attribute,0.9546095292574215,0.9648440882567486,0.1894989013671875,0.1420440673828125,,
attr_000045,attribute,0.9905180300990183,0.988854099657867,0.033233642578125,0.06915283203125,,
attr_000046,attribute,0.9933532764165615,0.9787448079733053,0.1038665771484375,0.2400360107421875,,
attr_000047,attribute,0.9981852030694819,0.9979574299785374,0.0224609375,0.0313873291015625,,
attr_000048,attribute,0.9753577705503657,0.9712285103940987,0.09783935546875,0.1856842041015625,,
attr_000050,attribute,0.9409044078807097,0.9543278679262003,0.2046356201171875,0.2033233642578125,,
attr_000051,attribute,0.984953361145176,0.945411370536552,0.049407958984375,0.159576416015625,,
attr_000052,attribute,0.9450972767074959,0.8825677510643306,0.21484375,0.339996337890625,,
attr_000053,attribute,0.9762219647743906,0.9810950081045695,0.06298828125,0.0564727783203125,,
attr_000054,attribute,0.9729546787195414,0.940721425141704,0.1092529296875,0.233123779296875,,
attr_000055,attribute,0.9728252462669554,0.9602411393142246,0.1686553955078125,0.2306671142578125,,
attr_000056,attribute,0.9849531404935782,0.9829874098799667,0.1987762451171875,0.1832122802734375,,
attr_000057,attribute,0.9966043504758934,0.9955838760624122,0.0426025390625,0.0752105712890625,,
attr_000058,attribute,0.9757192128293087,0.9460619475837382,0.169952392578125,0.1835479736328125,,
attr_000059,attribute,0.9151236614438313,0.8997038615292353,0.266876220703125,0.3199462890625,,
attr_000060,attribute,0.9894812295915646,0.9872915011827773,0.0332489013671875,0.058197021484375,,
attr_000061,attribute,0.9909450592793031,0.9817336910046633,0.049835205078125,0.0679931640625,,
attr_000062,attribute,0.9777061265765811,0.9701712490919536,0.078155517578125,0.133575439453125,,
attr_000063,attribute,0.9837267673594534,0.9820494229634787,0.0498199462890625,0.094940185546875,,
attr_000064,attribute,0.9724578150875584,0.9356443175272451,0.1649169921875,0.28302001953125,,
attr_000065,attribute,0.958680062539349,0.9210754752418652,0.2186737060546875,0.3476409912109375,,
attr_000066,attribute,0.997788657473118,0.9962275624047559,0.0247955322265625,0.0530548095703125,,
attr_000067,attribute,0.9871869349170526,0.967031004941893,0.15887451171875,0.30841064453125,,
attr_000068,attribute,0.9460103169195119,0.9414784956046514,0.2935333251953125,0.2706756591796875,,
attr_000069,attribute,0.9737196554525169,0.9690144187821466,0.0917816162109375,0.1819915771484375,,
attr_000070,attribute,0.9653060156779635,0.9224694613710144,0.1899261474609375,0.253692626953125,,
attr_000071,attribute,0.9578800759313848,0.9442230359109999,0.202789306640625,0.3468475341796875,,
attr_000072,attribute,0.9568735230704454,0.8917317111627788,0.1371612548828125,0.2967376708984375,,
attr_000073,attribute,0.9868177534095612,0.9506932692599492,0.074005126953125,0.188262939453125,,
attr_000074,attribute,0.9833023324012765,0.98528225162974,0.055419921875,0.06109619140625,,
attr_000075,attribute,0.9918073649422837,0.9822931280731863,0.0324249267578125,0.0648193359375,,
attr_000076,attribute,0.993662057211293,0.9917940149791841,0.0985107421875,0.1088714599609375,,
attr_000077,attribute,0.9866461489434994,0.9839624412318989,0.1419525146484375,0.18536376953125,,
attr_000078,attribute,0.9927724620744386,0.9831525209259685,0.0267791748046875,0.064666748046875,,
attr_000079,attribute,0.9904431317551201,0.9812264799509245,0.058349609375,0.1000213623046875,,
attr_000080,attribute,0.9283359555474605,0.9170483973721745,0.247711181640625,0.3412933349609375,,
attr_000081,attribute,0.985317182461009,0.9632761744458955,0.0577545166015625,0.1556549072265625,,
attr_000082,attribute,0.934633987575042,0.8367260641884449,0.250396728515625,0.4196624755859375,,
attr_000083,attribute,0.9787905240955669,0.9784561419547555,0.073577880859375,0.1130828857421875,,
attr_000084,attribute,0.9751407418274474,0.9594121395481041,0.115936279296875,0.2722625732421875,,
attr_000085,attribute,0.9576225306105506,0.9531964028907338,0.1455078125,0.1484527587890625,,
attr_000086,attribute,0.9969176476208063,0.9959465125864164,0.0283660888671875,0.037322998046875,,
attr_000087,attribute,0.9954304446712117,0.9818165912718898,0.065338134765625,0.21466064453125,,
attr_000088,attribute,0.9883502480453416,0.9644651679665641,0.0964202880859375,0.1505889892578125,,
attr_000089,attribute,0.9440461169850023,0.9347857307761199,0.205657958984375,0.2254638671875,,
attr_000090,attribute,0.989555213649554,0.9876494540815832,0.031646728515625,0.0642242431640625,,
attr_000091,attribute,0.9795068695277565,0.951340442063572,0.1116943359375,0.191558837890625,,
attr_000092,attribute,0.9711710391262351,0.9786780706840418,0.084716796875,0.1038055419921875,,
attr_000093,attribute,0.9899901121951488,0.9701975833174423,0.0524139404296875,0.1195831298828125,,
attr_000094,attribute,0.9786850150393791,0.9334586248055412,0.1457977294921875,0.2476806640625,,
attr_000095,attribute,0.9788759097681579,0.9825197891094752,0.0745697021484375,0.0623321533203125,,
attr_000096,attribute,0.9929332895937841,0.9852529251100844,0.069427490234375,0.156585693359375,,
attr_000097,attribute,0.996799692697618,0.9961830845116334,0.03009033203125,0.029998779296875,,
attr_000098,attribute,0.985576321664251,0.9843253046172935,0.0592041015625,0.0651092529296875,,
attr_000099,attribute,0.980178424147324,0.9709556358083533,0.088836669921875,0.192962646484375,,
attr_000101,attribute,0.9454857138835172,0.9589033616800484,0.1978912353515625,0.2515106201171875,,
attr_000102,attribute,0.9845338068429035,0.9611040801699787,0.0505218505859375,0.11798095703125,,
attr_000103,attribute,0.9270326379848326,0.8138420179587531,0.258544921875,0.4451751708984375,,
attr_000104,attribute,0.9857258593794065,0.9892409580127401,0.056304931640625,0.0606231689453125,,
attr_000105,attribute,0.9858246311640759,0.9763045816474908,0.0826416015625,0.15093994140625,,
attr_000106,attribute,0.9941416763367952,0.977933536948371,0.0900726318359375,0.2465972900390625,,
attr_000107,attribute,0.9961134572114355,0.9950570041934197,0.045135498046875,0.0578155517578125,,
attr_000108,attribute,0.9510908145412614,0.9081266113314282,0.2340850830078125,0.3713836669921875,,
attr_000109,attribute,0.9509112716198218,0.9328157357084239,0.2252044677734375,0.26519775390625,,
attr_000110,attribute,0.9638413615667277,0.968010976961688,0.1485137939453125,0.1246490478515625,,
attr_000111,attribute,0.9635229530106604,0.940652786506992,0.1448822021484375,0.319549560546875,,
attr_000112,attribute,0.9794311301828532,0.924865790589851,0.1564178466796875,0.2963714599609375,,
attr_000113,attribute,0.97760062300433,0.9843990518902768,0.0826873779296875,0.090667724609375,,
attr_000114,attribute,0.972883661693213,0.9591964773051578,0.1191864013671875,0.2824859619140625,,
attr_000115,attribute,0.9910420800007891,0.988629440484364,0.0570831298828125,0.055908203125,,
attr_000116,attribute,0.989344309621556,0.9915658511694616,0.0999908447265625,0.0869903564453125,,
attr_000117,attribute,0.9909671578066294,0.9717136957187654,0.1101226806640625,0.2816162109375,,
attr_000118,attribute,0.9696753738898468,0.8995569042944921,0.1607666015625,0.37164306640625,,
attr_000119,attribute,0.979801184219556,0.9848531260391797,0.061737060546875,0.05511474609375,,
attr_000120,attribute,0.9693618868384004,0.9510817927040326,0.123138427734375,0.2182769775390625,,
attr_000121,attribute,0.9609197607484702,0.9202812265669054,0.1950225830078125,0.258026123046875,,
attr_000122,attribute,0.9830978614039281,0.9878379332428086,0.06317138671875,0.08038330078125,,
attr_000123,attribute,0.9470060822337671,0.8423550925505867,0.1577911376953125,0.38665771484375,,
attr_000124,attribute,0.9702604701765385,0.9333639174348249,0.158233642578125,0.2271728515625,,
attr_000125,attribute,0.9790097125994419,0.9789112979152019,0.0957794189453125,0.10540771484375,,
attr_000126,attribute,0.9982710471785984,0.9959428536773669,0.0165557861328125,0.0421905517578125,,
attr_000127,attribute,0.9926770652308703,0.9873922446491649,0.131927490234375,0.16571044921875,,
attr_000128,attribute,0.9813002856842807,0.9852187810248286,0.0776824951171875,0.069671630859375,,
attr_000129,attribute,0.9580182586786639,0.9339334979115427,0.1333465576171875,0.2388153076171875,,
attr_000130,attribute,0.9650758517862477,0.9413837577744943,0.1761627197265625,0.2394256591796875,,
attr_000131,attribute,0.9547964881869606,0.9558285363004331,0.13983154296875,0.1497650146484375,,
attr_000132,attribute,0.9523500688775178,0.9378961672808489,0.1414794921875,0.2414398193359375,,
attr_000133,attribute,0.9795215124087476,0.9612477873646782,0.0794830322265625,0.1328125,,
attr_000134,attribute,0.941492948406738,0.9371162002851999,0.212554931640625,0.19970703125,,
attr_000135,attribute,0.9940909922484918,0.9769313566808455,0.0287017822265625,0.1226959228515625,,
attr_000136,attribute,0.9973250882747285,0.9934914577839207,0.029052734375,0.0625457763671875,,
attr_000137,attribute,0.9846733160074316,0.9863226836401232,0.154296875,0.1507110595703125,,
attr_000138,attribute,0.9918406281214559,0.9805434586783863,0.0608673095703125,0.15289306640625,,
attr_000139,attribute,0.9645399698234458,0.9495765177221448,0.1626129150390625,0.193939208984375,,
attr_000140,attribute,0.9207865329496758,0.9226653678551331,0.3177337646484375,0.292633056640625,,
attr_000141,attribute,0.9669511029679484,0.9482786156923686,0.130615234375,0.2544708251953125,,
attr_000142,attribute,0.988206740482158,0.9718869925891879,0.05450439453125,0.0900421142578125,,
attr_000143,attribute,0.9792771354367822,0.9817347865529946,0.0693817138671875,0.0768585205078125,,
attr_000144,attribute,0.9690058057882859,0.9353352489755283,0.1363983154296875,0.320587158203125,,
attr_000145,attribute,0.9666770528764445,0.8944526051362056,0.150482177734375,0.3779754638671875,,
attr_000146,attribute,0.9841563334417495,0.9847519306835992,0.15032958984375,0.1612396240234375,,
attr_000147,attribute,0.9981098617210359,0.9974018287812737,0.0289306640625,0.0559844970703125,,
attr_000148,attribute,0.9548808285626856,0.9199372465183345,0.209869384765625,0.26129150390625,,
attr_000149,attribute,0.98796044062876,0.990107730100308,0.0465850830078125,0.035614013671875,,
attr_000150,attribute,0.992075980645525,0.9906352515537902,0.033477783203125,0.0616302490234375,,
attr_000151,attribute,0.9694255169359294,0.9452762126731218,0.1702728271484375,0.1857147216796875,,
attr_000152,attribute,0.9802685396248275,0.9843949160273568,0.0711669921875,0.0569000244140625,,
attr_000153,attribute,0.963930304592732,0.9475773151410978,0.139251708984375,0.2599334716796875,,
attr_000154,attribute,0.9945361558553822,0.98986124555281,0.032501220703125,0.048095703125,,
attr_000155,attribute,0.953216504691509,0.9636390879411785,0.1644744873046875,0.1520843505859375,,
attr_000156,attribute,0.9913197996414267,0.9820844388382562,0.087860107421875,0.1963348388671875,,
attr_000157,attribute,0.9975053276047394,0.9925460580101843,0.0287017822265625,0.0897979736328125,,
attr_000158,attribute,0.984508568850959,0.9902161904830915,0.0584564208984375,0.0431976318359375,,
attr_000159,attribute,0.987391349828803,0.9818732235571188,0.048858642578125,0.09222412109375,,
attr_000161,attribute,0.9805772072059451,0.9831563605365081,0.0831146240234375,0.096038818359375,,
attr_000162,attribute,0.9847952656187702,0.9434720585138963,0.0518798828125,0.1668701171875,,
attr_000163,attribute,0.9858645111008011,0.9681370584768277,0.05804443359375,0.092620849609375,,
attr_000164,attribute,0.9761678570830304,0.9663114622527044,0.12811279296875,0.218170166015625,,
attr_000165,attribute,0.9813911055724397,0.9691362475304109,0.075592041015625,0.137786865234375,,
attr_000166,attribute,0.9874641172215396,0.981904496542537,0.1777496337890625,0.22821044921875,,
attr_000167,attribute,0.9823633538968455,0.9751317897543929,0.1837921142578125,0.26763916015625,,
attr_000169,attribute,0.9920517021260535,0.984324315790782,0.0355682373046875,0.0495452880859375,,
attr_000170,attribute,0.9769164687269919,0.9699857627038854,0.0858917236328125,0.12286376953125,,
attr_000171,attribute,0.9880365230806369,0.9857249140268001,0.0632171630859375,0.1118927001953125,,
attr_000172,attribute,0.9822423208353007,0.9772690525397758,0.0800323486328125,0.0859222412109375,,
attr_000173,attribute,0.9654241298805671,0.9688354060529575,0.1026763916015625,0.1295013427734375,,
attr_000174,attribute,0.9660095821846305,0.9213673348726982,0.1328887939453125,0.3096466064453125,,
attr_000176,attribute,0.9968748297469107,0.9970999099090072,0.0319976806640625,0.04364013671875,,
attr_000177,attribute,0.9962857534498862,0.9937886675635373,0.047515869140625,0.08514404296875,,
attr_000178,attribute,0.9909564944664319,0.9671534959791739,0.0482940673828125,0.1248779296875,,
attr_000179,attribute,0.9565099233695701,0.9625445845975936,0.168670654296875,0.2113800048828125,,
attr_000180,attribute,0.9730078437843055,0.9034830108521875,0.138641357421875,0.35040283203125,,
attr_000181,attribute,0.9816759970053758,0.9782493068774775,0.0782928466796875,0.0985565185546875,,
attr_000182,attribute,0.9731846852371514,0.9762162586170514,0.109710693359375,0.1069793701171875,,
attr_000183,attribute,0.9500437953147584,0.862224287813967,0.152557373046875,0.3358612060546875,,
attr_000184,attribute,0.9558640397320017,0.9139663385855138,0.20782470703125,0.3079071044921875,,
attr_000185,attribute,0.9609344535024362,0.9603678514996342,0.1687774658203125,0.16912841796875,,
attr_000186,attribute,0.9983728973962114,0.9950468771036981,0.029052734375,0.0747833251953125,,
attr_000187,attribute,0.99068751916856,0.9903304642347661,0.0791473388671875,0.0850067138671875,,
attr_000188,attribute,0.9680291917214239,0.9764122827124498,0.192352294921875,0.2095184326171875,,
attr_000190,attribute,0.988853933607852,0.9557240104964391,0.1300201416015625,0.17401123046875,,
attr_000191,attribute,0.9558366155378285,0.9548830406780768,0.206146240234375,0.3182220458984375,,
attr_000192,attribute,0.9569153206793909,0.932804053439688,0.15771484375,0.2714385986328125,,
attr_000193,attribute,0.9551662734655256,0.9042142376820609,0.2114105224609375,0.269317626953125,,
attr_000194,attribute,0.9305344394782695,0.9339039151274293,0.2778167724609375,0.266876220703125,,
attr_000195,attribute,0.9608697330774623,0.8425080900304409,0.1700897216796875,0.43536376953125,,
attr_000196,attribute,0.9905585261147944,0.9948520977369251,0.091278076171875,0.0705413818359375,,
attr_000197,attribute,0.9915134248515984,0.9906911059501292,0.0966796875,0.088897705078125,,
attr_000198,attribute,0.9817614234977804,0.9678360924068757,0.1220245361328125,0.281280517578125,,
attr_000199,attribute,0.9724994080485998,0.9385839239704373,0.1425323486328125,0.200164794921875,,
attr_000200,attribute,0.9679425641711543,0.9680682746083521,0.1160736083984375,0.1295623779296875,,
attr_000201,attribute,0.9843590554910496,0.9725942253385457,0.0666351318359375,0.12310791015625,,
attr_000202,attribute,0.9688092336921323,0.9487484062333703,0.190582275390625,0.1873931884765625,,
attr_000203,attribute,0.9365021885724796,0.9307643972288577,0.23406982421875,0.23382568359375,,
attr_000204,attribute,0.9640989354825904,0.9103288554509821,0.1363677978515625,0.3004150390625,,
attr_000205,attribute,0.9896186956901931,0.9658184103277561,0.0731964111328125,0.17596435546875,,
pres_000000,presence,0.9552348005130965,0.8023866314684541,0.17340087890625,0.25640869140625,,
pres_000001,presence,0.8800339098616514,0.8920658835368384,0.34185791015625,0.2585296630859375,,
pres_000002,presence,0.9016114825690273,0.8436318613667401,0.283905029296875,0.3680877685546875,,
pres_000003,presence,0.9726751859915977,0.9610746136691041,0.04803466796875,0.092681884765625,,
pres_000004,presence,0.9650664205482937,0.9518497843198834,0.0551910400390625,0.0832977294921875,,
pres_000005,presence,0.9303190551021429,0.8407824226079098,0.2689971923828125,0.321380615234375,,
pres_000006,presence,0.934724475259206,0.9241035980831064,0.2636871337890625,0.1799468994140625,,
pres_000007,presence,0.9752643855419556,0.9489562256149936,0.074737548828125,0.090545654296875,,
pres_000008,presence,0.9545215370309958,0.9480880071326314,0.138946533203125,0.1066436767578125,,
pres_000009,presence,0.9249491764099969,0.9436552512053009,0.167877197265625,0.2725982666015625,,
pres_000010,presence,0.9056437490493026,0.9058947542443275,0.3954315185546875,0.222686767578125,,
pres_000011,presence,0.8965915130691502,0.9734341668293116,0.1279449462890625,0.106842041015625,,
pres_000012,presence,0.9163038737692656,0.9497177848904812,0.1835784912109375,0.15997314453125,,
pres_000013,presence,0.9463586855542971,0.898712832817925,0.2544708251953125,0.4271240234375,,
pres_000014,presence,0.980029590845227,0.953754903602078,0.079925537109375,0.1091156005859375,,
pres_000015,presence,0.9875599284359141,0.9478367883877714,0.0563812255859375,0.0616912841796875,,
pres_000016,presence,0.9020636325578182,0.8133060206102308,0.22021484375,0.3325958251953125,,
pres_000017,presence,0.9223312899087118,0.901509581612948,0.2497406005859375,0.254425048828125,,
pres_000018,presence,0.9288810088773987,0.9701194274825142,0.249725341796875,0.226593017578125,,
pres_000019,presence,0.9598370090675038,0.9567391181992059,0.112701416015625,0.1568603515625,,
pres_000020,presence,0.9785931728065679,0.9638564893000695,0.0697479248046875,0.11328125,,
pres_000021,presence,0.9908846930583189,0.9899262526856148,0.0494232177734375,0.0655517578125,,
pres_000022,presence,0.9619174573554797,0.8841153896417788,0.19000244140625,0.2381134033203125,,
pres_000023,presence,0.9686441455887433,0.9705168399555895,0.1163177490234375,0.0950775146484375,,
pres_000024,presence,0.9765488737821874,0.9825001778370176,0.088409423828125,0.0727996826171875,,
pres_000025,presence,0.9702904597241637,0.965764783425198,0.0889129638671875,0.1719818115234375,,
pres_000026,presence,0.8755671920176338,0.8182585574006697,0.3170318603515625,0.4605560302734375,,
pres_000027,presence,0.8599296764451623,0.9391658687701773,0.181793212890625,0.157928466796875,,
pres_000028,presence,0.9438912368505069,0.8963010563030798,0.1025543212890625,0.12255859375,,
pres_000029,presence,0.980751068602187,0.9699873898677607,0.069610595703125,0.0839385986328125,,
pres_000030,presence,0.9933257451131031,0.993577287935883,0.0513458251953125,0.055938720703125,,
pres_000031,presence,0.9617651319642383,0.9261636074687227,0.1355438232421875,0.141998291015625,,
pres_000032,presence,0.9813435886952286,0.9778528921182356,0.102569580078125,0.2407684326171875,,
pres_000033,presence,0.9787289085281188,0.9888566323841761,0.0454864501953125,0.0709991455078125,,
pres_000034,presence,0.9403066310319703,0.9370397080114332,0.1319732666015625,0.0793609619140625,,
pres_000035,presence,0.9537878864729454,0.9687014420780131,0.0859222412109375,0.13897705078125,,
pres_000036,presence,0.925959549163384,0.9238172380466478,0.196197509765625,0.3536376953125,,
pres_000037,presence,0.9213728577405346,0.850847984140047,0.2021942138671875,0.2711181640625,,
pres_000038,presence,0.9844907204712683,0.9244287684938579,0.081146240234375,0.0992279052734375,,
pres_000039,presence,0.9518378115615895,0.9053829033183962,0.3499755859375,0.2196502685546875,,
pres_000040,presence,0.9717905469588811,0.9694097143846268,0.059326171875,0.1051788330078125,,
pres_000041,presence,0.9663099348877343,0.9548742992061311,0.0693817138671875,0.0751953125,,
pres_000042,presence,0.9246741077072005,0.9145043160372678,0.218963623046875,0.15228271484375,,
pres_000043,presence,0.8410032970942085,0.888881233460792,0.2790374755859375,0.4123382568359375,,
pres_000044,presence,0.8441243681640482,0.7033640397355415,0.33392333984375,0.3626251220703125,,
pres_000045,presence,0.9719942964947015,0.9634514262203203,0.0932769775390625,0.1007232666015625,,
pres_000046,presence,0.9877961939091939,0.974660277297614,0.1010284423828125,0.15069580078125,,
pres_000047,presence,0.982320307377018,0.9772809893279728,0.1390380859375,0.0882110595703125,,
pres_000048,presence,0.9153368936901775,0.725755681956302,0.1844635009765625,0.285736083984375,,
pres_000049,presence,0.9657221669428901,0.9709704652516821,0.088592529296875,0.1798095703125,,
pres_000050,presence,0.9735805338371025,0.975013314367255,0.0918426513671875,0.1383209228515625,,
pres_000051,presence,0.8930231225574594,0.9046345746235304,0.1284027099609375,0.1695709228515625,,
pres_000052,presence,0.9547224282015314,0.9093984839071724,0.0872039794921875,0.149566650390625,,
pres_000053,presence,0.9526854394406462,0.9753444621666052,0.1544647216796875,0.1063690185546875,,
pres_000054,presence,0.9376974674030261,0.8487533766322428,0.210601806640625,0.3629150390625,,
pres_000055,presence,0.890881478296767,0.8799482371904311,0.2520751953125,0.2019805908203125,,
pres_000056,presence,0.9622740100691946,0.9299444315966321,0.143646240234375,0.097900390625,,
pres_000057,presence,0.8815772684134218,0.903226600836719,0.204132080078125,0.354705810546875,,
pres_000058,presence,0.8579207459474087,0.894969832544235,0.268035888671875,0.18707275390625,,
pres_000059,presence,0.9040837652035322,0.9130841441486796,0.1203765869140625,0.1807098388671875,,
pres_000060,presence,0.9305052005677288,0.871253021025706,0.170196533203125,0.2331390380859375,,
pres_000061,presence,0.9157697518750385,0.8493578244489175,0.2454986572265625,0.3609161376953125,,
pres_000062,presence,0.9495804763011008,0.8059025577251292,0.2627716064453125,0.2877197265625,,
pres_000063,presence,0.9925451875123587,0.9648647300514456,0.0565338134765625,0.053619384765625,,
pres_000064,presence,0.9785436244603416,0.974795245630982,0.060211181640625,0.107086181640625,,
pres_000065,presence,0.8023158307823759,0.8762262530720718,0.3259124755859375,0.3912506103515625,,
pres_000066,presence,0.9880926242043209,0.9870093544054604,0.0442352294921875,0.0604095458984375,,
pres_000067,presence,0.9397263741474362,0.9846275133724957,0.113250732421875,0.11285400390625,,
pres_000068,presence,0.9564461764664379,0.9176596558305586,0.0762939453125,0.0984344482421875,,
pres_000069,presence,0.9909778980603019,0.9877274842627977,0.0455780029296875,0.067108154296875,,
pres_000070,presence,0.9842753714778656,0.9634471766054988,0.11126708984375,0.0696868896484375,,
pres_000071,presence,0.9640030964774305,0.9542608596063314,0.16998291015625,0.0950469970703125,,
pres_000072,presence,0.9717803062488239,0.9543440659850003,0.084136962890625,0.1139678955078125,,
pres_000073,presence,0.95953886239439,0.9794012221565483,0.13409423828125,0.1063385009765625,,
pres_000074,presence,0.980776770863485,0.9787819433488194,0.0762939453125,0.1312713623046875,,
pres_000075,presence,0.9805321282661313,0.9747521789296918,0.0536956787109375,0.118560791015625,,
pres_000076,presence,0.9344333566731061,0.8453396187823342,0.201416015625,0.2406158447265625,,
pres_000077,presence,0.9374449580999296,0.7942601097672759,0.2586822509765625,0.28143310546875,,
pres_000078,presence,0.9864083941076371,0.9633437051513836,0.046661376953125,0.065093994140625,,
pres_000079,presence,0.9913212931317411,0.9621742037738888,0.053558349609375,0.084686279296875,,
pres_000080,presence,0.9617830940228623,0.9590327467128067,0.1320343017578125,0.2160186767578125,,
pres_000081,presence,0.9502708075763872,0.9413347828963514,0.1454315185546875,0.1914825439453125,,
pres_000082,presence,0.9099984442028101,0.8307339600063083,0.3182830810546875,0.3976898193359375,,
pres_000083,presence,0.807968658954366,0.849631606174092,0.292633056640625,0.4844207763671875,,
pres_000084,presence,0.8254451112418372,0.9316033756098909,0.260040283203125,0.2192230224609375,,
pres_000085,presence,0.9779334475660926,0.9593525834999498,0.0634765625,0.0736236572265625,,
pres_000086,presence,0.9616228386251233,0.8034918108390591,0.315399169921875,0.3740386962890625,,
pres_000087,presence,0.9803678912059507,0.9795495494268611,0.0798492431640625,0.0549774169921875,,
pres_000088,presence,0.9747707701718669,0.9636453297767426,0.063507080078125,0.07391357421875,,
pres_000089,presence,0.8412602142642042,0.8337321913164188,0.3978271484375,0.28033447265625,,
pres_000090,presence,0.9806042737698464,0.9705893064973085,0.0787506103515625,0.053009033203125,,
pres_000091,presence,0.905417754772244,0.8919280718016762,0.21435546875,0.348388671875,,
pres_000092,presence,0.774034892169867,0.881649498970376,0.351806640625,0.453521728515625,,
pres_000093,presence,0.9875470445210147,0.9807802844486028,0.0475006103515625,0.0581817626953125,,
pres_000094,presence,0.93054783932901,0.8776226479880803,0.1875762939453125,0.2362518310546875,,
pres_000095,presence,0.9877845986752514,0.9604070308752256,0.068023681640625,0.078277587890625,,
pres_000096,presence,0.9666390984941737,0.9594923360961013,0.13421630859375,0.1573333740234375,,
pres_000097,presence,0.8856732545047189,0.8973423972017074,0.3468170166015625,0.2500152587890625,,
pres_000098,presence,0.8731173358471624,0.8832233581315864,0.374908447265625,0.4744415283203125,,
pres_000099,presence,0.9830461412216479,0.9944254827036453,0.041656494140625,0.0582427978515625,,
pres_000100,presence,0.9265571883248542,0.9511480236427353,0.188232421875,0.2838134765625,,
pres_000101,presence,0.9676290642111922,0.9114382608032948,0.1058197021484375,0.174041748046875,,
pres_000102,presence,0.9792477261562564,0.9843851957116697,0.1036376953125,0.0502166748046875,,
pres_000103,presence,0.8902440234953614,0.8990719228102865,0.3112945556640625,0.2177581787109375,,
pres_000104,presence,0.8711633715094035,0.7647086360851266,0.287322998046875,0.4608001708984375,,
pres_000105,presence,0.9186633769144787,0.884535507245413,0.1589508056640625,0.2356414794921875,,
pres_000106,presence,0.8364214873026385,0.7825768303320939,0.30352783203125,0.3572998046875,,
pres_000107,presence,0.9175272797014583,0.9526556298392738,0.1260986328125,0.0885009765625,,
pres_000108,presence,0.8748074242247875,0.840033713094406,0.228271484375,0.3385467529296875,,
pres_000109,presence,0.9561363284680823,0.9156356278835123,0.2176666259765625,0.3289794921875,,
pres_000110,presence,0.9232379154751772,0.902176117254784,0.355072021484375,0.292388916015625,,
pres_000111,presence,0.9918383801244022,0.9780421966366871,0.050201416015625,0.0478363037109375,,
pres_000112,presence,0.9155527511739562,0.86980150585624,0.24310302734375,0.429473876953125,,
pres_000113,presence,0.9572142402812773,0.9096440088580351,0.0897216796875,0.1818389892578125,,
pres_000114,presence,0.98380014419021,0.9639555883230144,0.0417022705078125,0.0679779052734375,,
pres_000115,presence,0.8630652223342029,0.9008228993019655,0.2297515869140625,0.4169921875,,
pres_000116,presence,0.8975064611119776,0.8036517402384944,0.23150634765625,0.2568817138671875,,
pres_000117,presence,0.9741468265046689,0.9760216610402839,0.106292724609375,0.0777130126953125,,
pres_000118,presence,0.8827777284400422,0.8998971804029167,0.386138916015625,0.2242584228515625,,
pres_000119,presence,0.9872053599507872,0.9789468450480906,0.079620361328125,0.1071319580078125,,
pres_000120,presence,0.9868432509261498,0.9751241722184535,0.0400238037109375,0.0509490966796875,,
pres_000121,presence,0.8978694334055586,0.822826078257904,0.2086029052734375,0.239959716796875,,
pres_000122,presence,0.7792081801962671,0.896707712390677,0.365509033203125,0.346832275390625,,
pres_000123,presence,0.9700474117914055,0.9695432973934696,0.0457916259765625,0.10870361328125,,
pres_000124,presence,0.9573023660583666,0.9126093008537345,0.0776824951171875,0.141021728515625,,
pres_000125,presence,0.9243124770497402,0.7862422583964208,0.246063232421875,0.392669677734375,,
pres_000126,presence,0.9875591934149764,0.9767029565358653,0.1043243408203125,0.0619049072265625,,
pres_000127,presence,0.9231384086931981,0.9179324752772416,0.3797149658203125,0.228515625,,
pres_000128,presence,0.984179140789823,0.9644380230468446,0.07049560546875,0.08489990234375,,
pres_000129,presence,0.908886269740941,0.9440544393210427,0.3167572021484375,0.1906585693359375,,
pres_000130,presence,0.9788662269312611,0.9832872311799955,0.1029205322265625,0.0743560791015625,,
pres_000131,presence,0.8621757168665075,0.8502339315238415,0.2415008544921875,0.3699798583984375,,
pres_000132,presence,0.892694620078253,0.903957079593499,0.2715911865234375,0.217987060546875,,
pres_000133,presence,0.9829898269851034,0.9547363747319574,0.0760650634765625,0.12017822265625,,
pres_000134,presence,0.8828386229601305,0.9473792500931375,0.4909210205078125,0.2951812744140625,,
pres_000135,presence,0.9513842067936821,0.9190739094996114,0.193206787109375,0.2530670166015625,,
pres_000136,presence,0.9559253435818467,0.962114801083995,0.1111907958984375,0.07861328125,,
pres_000137,presence,0.7873978595294969,0.9085213138626193,0.3636474609375,0.2953033447265625,,
pres_000138,presence,0.9800640423488767,0.9589367506268052,0.0502471923828125,0.0748443603515625,,
pres_000139,presence,0.9529203082372502,0.9716057596386465,0.1103057861328125,0.1547393798828125,,
pres_000140,presence,0.8514006843225398,0.7333661443568198,0.3192901611328125,0.392852783203125,,
pres_000141,presence,0.9411342910039397,0.9388914783803494,0.298431396484375,0.184783935546875,,
pres_000142,presence,0.9838253720559055,0.9684039886681791,0.13519287109375,0.1794281005859375,,
pres_000143,presence,0.9806760575423612,0.9338971569225829,0.0933837890625,0.1131134033203125,,
pres_000144,presence,0.9894522741433401,0.9840755198015585,0.0462493896484375,0.0794677734375,,
pres_000145,presence,0.8396935159425447,0.8874064526039767,0.304046630859375,0.4013824462890625,,
pres_000146,presence,0.9794457712185676,0.9800306695633051,0.0841522216796875,0.1451873779296875,,
pres_000147,presence,0.8538114415748574,0.9120560344062328,0.191314697265625,0.3852996826171875,,
pres_000148,presence,0.8658183124927538,0.922545413562906,0.34197998046875,0.2173614501953125,,
pres_000149,presence,0.9624034137288119,0.9473490455508564,0.17315673828125,0.1143341064453125,,
pres_000150,presence,0.9641071043942685,0.9060068890305799,0.1802825927734375,0.3292694091796875,,
pres_000151,presence,0.9724280736563358,0.9188049336839611,0.099700927734375,0.14605712890625,,
pres_000152,presence,0.9432075521588619,0.959600604878838,0.138702392578125,0.110931396484375,,
pres_000153,presence,0.9008750593852803,0.9024706790787181,0.1517333984375,0.1979522705078125,,
pres_000154,presence,0.8553580063527293,0.8887320792090917,0.253082275390625,0.2133026123046875,,
pres_000155,presence,0.8692452213618833,0.9116824490541159,0.22564697265625,0.2951812744140625,,
pres_000156,presence,0.9176670337620497,0.8362636420970463,0.168975830078125,0.2545013427734375,,
pres_000157,presence,0.9609201449118069,0.97578399890551,0.09014892578125,0.0713348388671875,,
pres_000158,presence,0.9280775121745529,0.7526032706142685,0.3230133056640625,0.4575347900390625,,
pres_000159,presence,0.9892480182203058,0.9716420707995348,0.074188232421875,0.118133544921875,,
pres_000160,presence,0.987163905986967,0.9715576666313318,0.056304931640625,0.065826416015625,,
pres_000161,presence,0.9391611548381951,0.955515186644966,0.0994873046875,0.2183837890625,,
pres_000162,presence,0.9805490679643278,0.9859730460055633,0.1066741943359375,0.0664520263671875,,
pres_000163,presence,0.9317942872079739,0.9827250964054218,0.103118896484375,0.08111572265625,,
pres_000164,presence,0.8123399918206319,0.9089967242840948,0.3152008056640625,0.2690277099609375,,
pres_000165,presence,0.975124351305466,0.9860451506120174,0.0958404541015625,0.078216552734375,,
pres_000166,presence,0.9514083651792741,0.8450177738165898,0.292236328125,0.4137115478515625,,
pres_000167,presence,0.9900359189216495,0.9654469815575407,0.0848236083984375,0.09466552734375,,
pres_000168,presence,0.9587751531770626,0.9225592926534064,0.1456298828125,0.1411895751953125,,
pres_000169,presence,0.8916244819549365,0.9112085721696571,0.2617340087890625,0.4686737060546875,,
pres_000170,presence,0.9747376035352743,0.9691818829167842,0.1429901123046875,0.19390869140625,,
pres_000171,presence,0.8689386624288451,0.941496861389234,0.2783203125,0.181976318359375,,
pres_000172,presence,0.9642666423055658,0.9506261969641809,0.0587158203125,0.0811920166015625,,
pres_000173,presence,0.9330564434508287,0.8774883710461948,0.2507781982421875,0.2656402587890625,,
pres_000174,presence,0.9235749288600253,0.7891723780972527,0.2567596435546875,0.2923583984375,,
pres_000175,presence,0.990542197887588,0.9708068292844104,0.0721435546875,0.0775604248046875,,
pres_000176,presence,0.8668291798716535,0.7042525207560915,0.34027099609375,0.3707275390625,,
pres_000177,presence,0.9709402780292182,0.9454865868420519,0.063690185546875,0.134674072265625,,
pres_000178,presence,0.9438433917933242,0.9530679430618252,0.2834930419921875,0.1857452392578125,,
pres_000179,presence,0.9344817670492233,0.9810748368066841,0.0966949462890625,0.0990447998046875,,
pres_000180,presence,0.8708938408205525,0.9400280525272442,0.1961822509765625,0.1909027099609375,,
pres_000181,presence,0.9170225013650641,0.8433960260097141,0.2984619140625,0.3909149169921875,,
pres_000182,presence,0.9606472286475971,0.8091266136837114,0.2895355224609375,0.357086181640625,,
pres_000183,presence,0.9736586283624814,0.8693702520665114,0.1685943603515625,0.296630859375,,
pres_000184,presence,0.9406711895204407,0.9396993239890536,0.213134765625,0.349273681640625,,
pres_000185,presence,0.8470253110776733,0.8571642422496208,0.2908782958984375,0.4331207275390625,,
pres_000186,presence,0.9920997930853106,0.9943167283900508,0.0468292236328125,0.0531158447265625,,
pres_000187,presence,0.9046112341706627,0.9396150848680044,0.185791015625,0.297119140625,,
pres_000188,presence,0.8962688631935782,0.7165621025962472,0.269561767578125,0.3576507568359375,,
pres_000189,presence,0.9891976071256223,0.9897326199804629,0.05511474609375,0.0830535888671875,,
pres_000190,presence,0.930139447272457,0.8661454915272967,0.32122802734375,0.4033660888671875,,
pres_000191,presence,0.9879995972130046,0.9685694972441491,0.080352783203125,0.0797882080078125,,
pres_000192,presence,0.9692044247324473,0.959575693331424,0.0785064697265625,0.1166839599609375,,
pres_000193,presence,0.9222339287709581,0.9334103617247221,0.11383056640625,0.075653076171875,,
pres_000194,presence,0.9156879596798753,0.7808811665017933,0.317626953125,0.4667510986328125,,
pres_000195,presence,0.9664307683563057,0.9862763821206079,0.06671142578125,0.0505828857421875,,
pres_000196,presence,0.8184004851769084,0.8426125663941932,0.3162689208984375,0.2739410400390625,,
pres_000197,presence,0.905322832969882,0.918221037353416,0.465606689453125,0.2790374755859375,,
pres_000198,presence,0.9053308675129589,0.9491650279146824,0.2310028076171875,0.1641082763671875,,
pres_000199,presence,0.9764218495918267,0.9423398794485184,0.0812225341796875,0.13897705078125,,
spat_000000,spatial,0.7434625860303118,0.8407003346538569,0.45819091796875,0.470062255859375,,
spat_000001,spatial,0.943534381442963,0.9740737999791793,0.190765380859375,0.1775665283203125,,
spat_000003,spatial,0.9559349043826761,0.8936151266300753,0.2777099609375,0.157135009765625,,
spat_000004,spatial,0.7591864583145365,0.7352874902266346,0.607666015625,0.3701019287109375,,
spat_000005,spatial,0.7456182194828208,0.9175887429692378,0.6168212890625,0.3418731689453125,,
spat_000006,spatial,0.9396644728428892,0.9745820532656433,0.17840576171875,0.2125091552734375,,
spat_000007,spatial,0.8772736782986302,0.8891044479322529,0.4434356689453125,0.3743896484375,,
spat_000008,spatial,0.8460140370864961,0.9445530832180682,0.2347564697265625,0.0905914306640625,,
spat_000009,spatial,0.7713132580036007,0.8543840349455825,0.5593719482421875,0.464263916015625,,
spat_000010,spatial,0.828055221841011,0.9335532681325494,0.2558746337890625,0.1582489013671875,,
spat_000011,spatial,0.9218547663048634,0.9827994268674041,0.301971435546875,0.0973663330078125,,
spat_000012,spatial,0.9057187912991029,0.9607619653548115,0.1604156494140625,0.18170166015625,,
spat_000013,spatial,0.9624297408784138,0.9516376211139911,0.1998443603515625,0.11492919921875,,
spat_000014,spatial,0.9486817449393452,0.9501809112445643,0.2569122314453125,0.1161346435546875,,
spat_000015,spatial,0.8762452949252237,0.897247873045858,0.240020751953125,0.1634521484375,,
spat_000016,spatial,0.6264875630930837,0.7169825425235806,0.567962646484375,0.3596954345703125,,
spat_000017,spatial,0.7346511962511268,0.8941199325737135,0.574127197265625,0.35113525390625,,
spat_000018,spatial,0.9113658251857335,0.9360336730363327,0.1948699951171875,0.1716156005859375,,
spat_000019,spatial,0.7554004427954214,0.728358616159891,0.4764862060546875,0.37744140625,,
spat_000020,spatial,0.6868521852369961,0.9171881539361677,0.544769287109375,0.352691650390625,,
spat_000021,spatial,0.599411635893803,0.8369965560603809,0.5402984619140625,0.4980010986328125,,
spat_000022,spatial,0.4969698145344933,0.761118938215302,0.550537109375,0.3975372314453125,,
spat_000023,spatial,0.757269390340895,0.7786879821533861,0.6280670166015625,0.316864013671875,,
spat_000024,spatial,0.8796067459355545,0.7921198888128091,0.5211639404296875,0.4586639404296875,,
spat_000025,spatial,0.7703267104238396,0.6612754506602813,0.4684906005859375,0.358154296875,,
spat_000026,spatial,0.72280951423872,0.8144065494375161,0.5258026123046875,0.3061065673828125,,
spat_000027,spatial,0.6600807385104112,0.7509185210722864,0.4948577880859375,0.434173583984375,,
spat_000028,spatial,0.8456914955982512,0.927229212976528,0.2684326171875,0.14581298828125,,
spat_000029,spatial,0.9087389727221536,0.9578181025045738,0.280242919921875,0.09112548828125,,
spat_000030,spatial,0.8867498909243365,0.9210832520059026,0.1637725830078125,0.1626434326171875,,
spat_000031,spatial,0.9457408112581315,0.9233040121875199,0.1922760009765625,0.130096435546875,,
spat_000032,spatial,0.472727267523022,0.9070869989767166,0.48175048828125,0.367584228515625,,
spat_000033,spatial,0.8463717000290105,0.8562338533208823,0.5973052978515625,0.4946136474609375,,
spat_000034,spatial,0.7430463789302322,0.7768419676278318,0.6112060546875,0.4019622802734375,,
spat_000035,spatial,0.9023342058243373,0.9465586192925497,0.28857421875,0.1035614013671875,,
spat_000036,spatial,0.6992764001266291,0.8028749868779155,0.4444732666015625,0.42950439453125,,
spat_000037,spatial,0.9441631708269844,0.96437521929067,0.168060302734375,0.1469268798828125,,
spat_000038,spatial,0.8379653355033916,0.9485937722008088,0.209075927734375,0.1025543212890625,,
spat_000039,spatial,0.7661768907380647,0.8515712922056718,0.561370849609375,0.4634857177734375,,
spat_000040,spatial,0.8694282130417862,0.9274606868382232,0.2760162353515625,0.1346588134765625,,
spat_000041,spatial,0.7364944132790253,0.9478326668007115,0.6150360107421875,0.3795623779296875,,
spat_000042,spatial,0.856927522352241,0.9207881718145379,0.1458892822265625,0.16253662109375,,
spat_000043,spatial,0.8689472713622315,0.8563619360848758,0.5257720947265625,0.4278564453125,,
spat_000044,spatial,0.8944717956310717,0.969376865463345,0.25347900390625,0.1011505126953125,,
spat_000045,spatial,0.8797511823974163,0.9217204512058413,0.227935791015625,0.17376708984375,,
spat_000046,spatial,0.5910903223401114,0.8025661362510396,0.56915283203125,0.4065093994140625,,
spat_000047,spatial,0.9009537943967408,0.9647885113718171,0.2577667236328125,0.0987396240234375,,
spat_000048,spatial,0.9123810276341763,0.9523848442227524,0.1943511962890625,0.1899566650390625,,
spat_000049,spatial,0.9293493192107274,0.9449780826359202,0.1702117919921875,0.161651611328125,,
spat_000050,spatial,0.8456683076247223,0.9120139682749073,0.2091217041015625,0.0971832275390625,,
spat_000051,spatial,0.6126054444290483,0.795780635483476,0.537261962890625,0.4405975341796875,,
spat_000052,spatial,0.795481207154826,0.9381762418664091,0.2315673828125,0.156890869140625,,
spat_000053,spatial,0.9345913788060801,0.9630541652026136,0.336517333984375,0.12310791015625,,
spat_000054,spatial,0.7968785079404813,0.8380668683706022,0.500701904296875,0.5194549560546875,,
spat_000055,spatial,0.7982105565740362,0.7007842449121174,0.455322265625,0.3896026611328125,,
spat_000056,spatial,0.8404993705733897,0.9539075536882766,0.1995849609375,0.112884521484375,,
spat_000057,spatial,0.6615416030868642,0.8819722206046627,0.4972686767578125,0.5005950927734375,,
spat_000058,spatial,0.8454054906437942,0.8944455648705704,0.2716217041015625,0.1237335205078125,,
spat_000059,spatial,0.759970187745924,0.8895228229778529,0.610321044921875,0.3113861083984375,,
spat_000060,spatial,0.7018898209801239,0.8135092201969523,0.4477996826171875,0.4695281982421875,,
spat_000061,spatial,0.7510094652146702,0.6768915385128244,0.47479248046875,0.35595703125,,
spat_000062,spatial,0.8819764382368421,0.9799451274330652,0.22039794921875,0.0975189208984375,,
spat_000063,spatial,0.9564604084404892,0.8957743489981261,0.2843780517578125,0.156494140625,,
spat_000064,spatial,0.7633283497285558,0.7322854965757033,0.6068115234375,0.3852081298828125,,
spat_000065,spatial,0.9104630752522094,0.9295713030276489,0.3031005859375,0.1034393310546875,,
spat_000066,spatial,0.9219490631999411,0.8993541374192164,0.1612701416015625,0.1413726806640625,,
spat_000067,spatial,0.9544089254882769,0.9669055417785603,0.1678924560546875,0.154754638671875,,
spat_000068,spatial,0.9091735382132513,0.9768592651743574,0.23443603515625,0.1086883544921875,,
spat_000069,spatial,0.7716669464817822,0.8548664478325056,0.5593719482421875,0.46240234375,,
spat_000070,spatial,0.854722668311516,0.9431834206188264,0.2577362060546875,0.1513214111328125,,
spat_000071,spatial,0.8981109559744814,0.9737972352359477,0.2994842529296875,0.1095428466796875,,
spat_000072,spatial,0.6652024062134713,0.8937112808482828,0.4595184326171875,0.5205230712890625,,
spat_000073,spatial,0.8758029610074549,0.8617384367112291,0.5412750244140625,0.430999755859375,,
spat_000074,spatial,0.8456316775707253,0.903578493947478,0.5705413818359375,0.3106231689453125,,
spat_000075,spatial,0.9366791863132818,0.922462653115553,0.2585296630859375,0.167938232421875,,
spat_000076,spatial,0.8641544017742753,0.9725130739339642,0.2724151611328125,0.1821746826171875,,
spat_000078,spatial,0.6771441429014355,0.7818093795045963,0.445220947265625,0.4441680908203125,,
spat_000079,spatial,0.8059373520487105,0.8523028341968301,0.4604339599609375,0.4208984375,,
spat_000080,spatial,0.5346615341398587,0.8611099933663284,0.522705078125,0.33807373046875,,
spat_000081,spatial,0.8755871609558978,0.9559400642669184,0.2357635498046875,0.1895751953125,,
spat_000082,spatial,0.8008118281876071,0.9114245740872258,0.246124267578125,0.1343994140625,,
spat_000083,spatial,0.9420979408673198,0.9742249239581765,0.3415374755859375,0.1125946044921875,,
spat_000084,spatial,0.9466720077552359,0.8943901646733032,0.1768798828125,0.1669921875,,
spat_000085,spatial,0.9255121762567557,0.9315803934299073,0.1731414794921875,0.1561279296875,,
spat_000086,spatial,0.9103334598297955,0.9541460832476294,0.2360992431640625,0.0877838134765625,,
spat_000087,spatial,0.8938465233575541,0.9534989117789273,0.1962738037109375,0.182464599609375,,
spat_000088,spatial,0.6327367170705782,0.7906576316632962,0.6084136962890625,0.38043212890625,,
spat_000089,spatial,0.9136951207981968,0.9812765522752397,0.306640625,0.11273193359375,,
spat_000090,spatial,0.7359372743259679,0.7712173700823498,0.44482421875,0.435302734375,,
spat_000091,spatial,0.7944588366820208,0.8980109929753661,0.5037689208984375,0.449615478515625,,
spat_000092,spatial,0.6601435926287861,0.9165765662112044,0.502960205078125,0.3299713134765625,,
spat_000093,spatial,0.8362054800462603,0.8449810377556926,0.5986480712890625,0.465301513671875,,
spat_000094,spatial,0.758970744058427,0.8330967241407887,0.6061248779296875,0.4390869140625,,
spat_000095,spatial,0.8862753206907684,0.9295585836754904,0.2772979736328125,0.10369873046875,,
spat_000096,spatial,0.9215431764249061,0.9433586631338529,0.163604736328125,0.1529083251953125,,
spat_000097,spatial,0.8770795295462743,0.8806490494975355,0.4572296142578125,0.3864593505859375,,
spat_000098,spatial,0.9068750740801956,0.9805115584604243,0.2391815185546875,0.1112518310546875,,
spat_000099,spatial,0.8892745001930591,0.9422052333918922,0.228973388671875,0.1681060791015625,,
spat_000100,spatial,0.8576395096127978,0.944009305919408,0.2803497314453125,0.1459197998046875,,
spat_000101,spatial,0.8766032148121391,0.9609817457723916,0.2713470458984375,0.110870361328125,,
spat_000102,spatial,0.8929930587603171,0.9580707212911741,0.147918701171875,0.1800384521484375,,
spat_000103,spatial,0.949674886489082,0.9027998866270827,0.1956939697265625,0.1349334716796875,,
spat_000104,spatial,0.8485501934073644,0.8891216297110318,0.5669708251953125,0.312957763671875,,
spat_000105,spatial,0.8234828641182204,0.7059898357229443,0.55810546875,0.4408111572265625,,
spat_000106,spatial,0.5591709329590977,0.8275333955471482,0.57330322265625,0.4546661376953125,,
spat_000107,spatial,0.794392220305286,0.8866877611000904,0.5694427490234375,0.3050537109375,,
spat_000108,spatial,0.89605555577643,0.9219473826619417,0.1630706787109375,0.1622467041015625,,
spat_000109,spatial,0.817971746446871,0.8890051107889527,0.4942626953125,0.3844451904296875,,
spat_000110,spatial,0.8402430286519365,0.9664253950212968,0.2075042724609375,0.1187591552734375,,
spat_000111,spatial,0.8774830209343567,0.9355236736762873,0.2376251220703125,0.1753082275390625,,
spat_000112,spatial,0.8225131687067961,0.9748102033060897,0.2511138916015625,0.18255615234375,,
spat_000113,spatial,0.9403133143987307,0.9617539081114866,0.3096466064453125,0.102813720703125,,
spat_000114,spatial,0.9516551523099955,0.9646309494144032,0.1864166259765625,0.1820831298828125,,
spat_000115,spatial,0.8031282913175884,0.7065489410619306,0.472808837890625,0.347381591796875,,
spat_000116,spatial,0.8459872062179852,0.9483377023167165,0.20166015625,0.102508544921875,,
spat_000117,spatial,0.8789798843910144,0.9050004766858107,0.1983795166015625,0.158447265625,,
spat_000118,spatial,0.8663713314328559,0.9609775304522651,0.2928466796875,0.161376953125,,
spat_000119,spatial,0.7180272693544644,0.9257575524290651,0.6178741455078125,0.29779052734375,,
spat_000120,spatial,0.9325570378991174,0.9763829246380952,0.1800689697265625,0.2106475830078125,,
spat_000121,spatial,0.9330257208901721,0.9559011731827233,0.1787872314453125,0.130218505859375,,
spat_000122,spatial,0.812337787499934,0.9469599852886523,0.1887664794921875,0.1105194091796875,,
spat_000123,spatial,0.902761587230418,0.9186299765512351,0.2563018798828125,0.17205810546875,,
spat_000124,spatial,0.9271315870194069,0.9355575874604917,0.316314697265625,0.15130615234375,,
spat_000125,spatial,0.65969266345164,0.7885175555294173,0.5937957763671875,0.314239501953125,,
spat_000126,spatial,0.7631296277508701,0.817984847930441,0.428955078125,0.4291534423828125,,
spat_000127,spatial,0.8274001966765948,0.814794581608018,0.4593963623046875,0.4112548828125,,
spat_000128,spatial,0.5606206489189516,0.8514860604026923,0.529205322265625,0.30657958984375,,
spat_000129,spatial,0.6524937447813742,0.8235579301366178,0.540557861328125,0.4661712646484375,,
spat_000130,spatial,0.6164994007213067,0.9214325644088651,0.6067047119140625,0.472991943359375,,
spat_000131,spatial,0.7033468196812072,0.9168366401716153,0.6161956787109375,0.31298828125,,
spat_000132,spatial,0.867102040229163,0.9097879516344698,0.161224365234375,0.161041259765625,,
spat_000133,spatial,0.8442733853465231,0.7582816013110107,0.501434326171875,0.407135009765625,,
spat_000134,spatial,0.8326409951874216,0.8581883261062,0.57513427734375,0.316009521484375,,
spat_000135,spatial,0.7939243187117084,0.8497275055774152,0.561859130859375,0.4621124267578125,,
spat_000136,spatial,0.6744650501674498,0.8021400387262414,0.5866241455078125,0.3701019287109375,,
spat_000137,spatial,0.6577998544349783,0.8611023374832562,0.5540618896484375,0.3290252685546875,,
spat_000138,spatial,0.6956071282290226,0.7953745904079973,0.45526123046875,0.482025146484375,,
spat_000139,spatial,0.8109183178828773,0.898779998897112,0.48712158203125,0.4494476318359375,,
spat_000141,spatial,0.9349273428342595,0.9308526186458723,0.254913330078125,0.169952392578125,,
spat_000142,spatial,0.5221137586617123,0.7798923855605554,0.5478515625,0.3728790283203125,,
spat_000143,spatial,0.9294030552510926,0.929886236059995,0.31353759765625,0.0848388671875,,
spat_000144,spatial,0.8831809933611803,0.879522160987223,0.5051116943359375,0.49169921875,,
spat_000145,spatial,0.7878970837579944,0.7469287003570871,0.455780029296875,0.40618896484375,,
spat_000146,spatial,0.8500359530367,0.9219722797953068,0.199462890625,0.09576416015625,,
spat_000147,spatial,0.8443692109526804,0.7975602248900971,0.5151824951171875,0.477783203125,,
spat_000148,spatial,0.8616063788888316,0.9658808134932054,0.289093017578125,0.158477783203125,,
spat_000149,spatial,0.7155487159189077,0.9485795804340543,0.6231231689453125,0.3751678466796875,,
spat_000150,spatial,0.8970906676985333,0.8977233825157098,0.1597900390625,0.1612091064453125,,
spat_000151,spatial,0.9289713983119612,0.9064463091467121,0.1700592041015625,0.1318511962890625,,
spat_000152,spatial,0.6352003149097584,0.9005156163677605,0.50830078125,0.308990478515625,,
spat_000153,spatial,0.9027287289581359,0.9288408625353394,0.2518157958984375,0.1724700927734375,,
spat_000154,spatial,0.9333381669653911,0.9412061676565843,0.3140716552734375,0.150054931640625,,
spat_000155,spatial,0.705004132755999,0.9091916367061831,0.6210174560546875,0.31939697265625,,
spat_000156,spatial,0.9098273092906525,0.8845415684375505,0.173126220703125,0.14569091796875,,
spat_000157,spatial,0.8709620867112928,0.9057510431824675,0.4598236083984375,0.402069091796875,,
spat_000158,spatial,0.5521716524430081,0.9038474778141861,0.526519775390625,0.3219451904296875,,
spat_000159,spatial,0.8031433567831272,0.8745693097842999,0.556884765625,0.448455810546875,,
spat_000160,spatial,0.8294220233276234,0.9202545111841508,0.258819580078125,0.1357879638671875,,
spat_000161,spatial,0.7093399534700313,0.8711824095258065,0.618865966796875,0.30828857421875,,
spat_000162,spatial,0.8989783489428902,0.9430521561918587,0.1486968994140625,0.1559906005859375,,
spat_000163,spatial,0.9530726091022087,0.885045754204823,0.1922607421875,0.1231231689453125,,
spat_000164,spatial,0.8288432045648869,0.8922975323975888,0.5778350830078125,0.3551025390625,,
spat_000165,spatial,0.6090330444871597,0.8340654020390162,0.5492095947265625,0.4971160888671875,,
spat_000166,spatial,0.5967722212045411,0.8446518274197021,0.5633087158203125,0.44635009765625,,
spat_000167,spatial,0.9012453802114301,0.9541287217686735,0.2585906982421875,0.0890655517578125,,
spat_000168,spatial,0.7846587469295224,0.8193312896397077,0.4862213134765625,0.4631805419921875,,
spat_000169,spatial,0.937244068570807,0.9407867439926049,0.1943511962890625,0.1458892822265625,,
spat_000171,spatial,0.8768602802212649,0.9051412237681035,0.2313385009765625,0.1539154052734375,,
spat_000172,spatial,0.5033174419440788,0.9207103219286777,0.5780792236328125,0.4754180908203125,,
spat_000173,spatial,0.9351579242884837,0.9613325040388812,0.333831787109375,0.1229095458984375,,
spat_000174,spatial,0.8832841462116905,0.8042916087878362,0.507781982421875,0.47015380859375,,
spat_000175,spatial,0.8008591976883574,0.8930213786607497,0.5030059814453125,0.455352783203125,,
spat_000176,spatial,0.8600970674384243,0.9696790975078285,0.2087554931640625,0.08990478515625,,
spat_000177,spatial,0.6005045383354015,0.8366595120652132,0.50164794921875,0.4928436279296875,,
spat_000178,spatial,0.6064792099287265,0.7227134896503065,0.5773468017578125,0.3534088134765625,,
spat_000179,spatial,0.9004334658871547,0.9810472608256556,0.3012237548828125,0.1373748779296875,,
spat_000180,spatial,0.9085724540409427,0.9600506605712037,0.18316650390625,0.21087646484375,,
spat_000181,spatial,0.916055611716056,0.9260424171399295,0.175323486328125,0.147918701171875,,
spat_000182,spatial,0.8079104967089066,0.9650571217905616,0.1893157958984375,0.122100830078125,,
spat_000183,spatial,0.912207127828888,0.873361400631309,0.2615203857421875,0.1469879150390625,,
spat_000184,spatial,0.9111352183843449,0.9039909797588248,0.2867279052734375,0.1375579833984375,,
spat_000185,spatial,0.6623031717991512,0.8178261448210389,0.60003662109375,0.3090057373046875,,
spat_000186,spatial,0.9076551123406498,0.9265133557870905,0.1519317626953125,0.180328369140625,,
spat_000187,spatial,0.9466972227735029,0.9590715695690913,0.167327880859375,0.157318115234375,,
spat_000188,spatial,0.8474361308466443,0.9678721435565872,0.2353515625,0.103424072265625,,
spat_000189,spatial,0.8121916629771035,0.8099262023164542,0.558807373046875,0.4591064453125,,
spat_000190,spatial,0.5789149044452263,0.8046704547863757,0.5800323486328125,0.408203125,,
spat_000191,spatial,0.9218829360841869,0.9789117226776535,0.3026123046875,0.1118927001953125,,
spat_000192,spatial,0.8684708437160498,0.942928789050582,0.1419677734375,0.1862335205078125,,
spat_000193,spatial,0.9694359422198269,0.9769642521786598,0.2181854248046875,0.140411376953125,,
spat_000194,spatial,0.9483145301446517,0.9676096922444001,0.258392333984375,0.1243743896484375,,
spat_000195,spatial,0.9419747941797131,0.896361717263856,0.2488861083984375,0.157989501953125,,
spat_000196,spatial,0.8556836778344122,0.9334596094896104,0.2579803466796875,0.144805908203125,,
spat_000197,spatial,0.6926261918058667,0.8840669716528172,0.5529632568359375,0.31182861328125,,
spat_000198,spatial,0.8932307085686201,0.9498243500158771,0.18023681640625,0.1818389892578125,,
spat_000199,spatial,0.868352259258022,0.8907628487966438,0.4905853271484375,0.376312255859375,,
spat_000201,spatial,0.7750179267823659,0.8935400202317999,0.5622100830078125,0.5424041748046875,,
spat_000202,spatial,0.522418628118907,0.8124991074832572,0.546722412109375,0.3620147705078125,,
spat_000203,spatial,0.7630407278489031,0.7231880609613657,0.620941162109375,0.2916412353515625,,
spat_000204,spatial,0.9583236136786392,0.9051005701559258,0.1850128173828125,0.136749267578125,,
