factor,threshold_pp,model_a,model_b,delta_A_pp,delta_PFC,delta_PSC,delta_U8
count,3,qwen3_vl_4b_instruct,gemma3_4b_it,2.1570790485166746,0.17104728194481045,0.08219182571441419,-0.038300826034243785
count,1,qwen3_vl_4b_instruct,molmo_7b_d_0924,0.5738633268247972,-0.0034574490986991613,0.1434188115714493,0.008066521231147261
count,2,qwen3_vl_4b_instruct,molmo_7b_d_0924,0.5738633268247972,-0.0034574490986991613,0.1434188115714493,0.008066521231147261
count,3,qwen3_vl_4b_instruct,molmo_7b_d_0924,0.5738633268247972,-0.0034574490986991613,0.1434188115714493,0.008066521231147261
count,2,qwen3_vl_4b_instruct,idefics3_8b_llama3,1.2921618929595424,-0.0049415436782330735,0.06061217950112863,-0.064239293973272
count,3,qwen3_vl_4b_instruct,idefics3_8b_llama3,1.2921618929595424,-0.0049415436782330735,0.06061217950112863,-0.064239293973272
count,2,qwen3_vl_4b_instruct,phi35_vision_instruct,1.3966677217305712,0.09681879085845035,0.11992533704806141,-0.038941195954453556
count,3,qwen3_vl_4b_instruct,phi35_vision_instruct,1.3966677217305712,0.09681879085845035,0.11992533704806141,-0.038941195954453556
count,1,qwen3_vl_4b_instruct,internvl3_8b_hf,0.9890134901731074,0.09798345460969393,0.14606754650261078,-0.008288817531001857
count,2,qwen3_vl_4b_instruct,internvl3_8b_hf,0.9890134901731074,0.09798345460969393,0.14606754650261078,-0.008288817531001857
count,3,qwen3_vl_4b_instruct,internvl3_8b_hf,0.9890134901731074,0.09798345460969393,0.14606754650261078,-0.008288817531001857
count,2,gemma3_4b_it,molmo_7b_d_0924,1.5832157216918774,-0.1745047310435096,0.06122698585703512,0.046367347265391046
count,3,gemma3_4b_it,molmo_7b_d_0924,1.5832157216918774,-0.1745047310435096,0.06122698585703512,0.046367347265391046
count,2,gemma3_4b_it,skywork_vl_reward_7b,1.256480408242766,-0.05856377593896167,0.09788193087493635,-0.08734775239944537
count,3,gemma3_4b_it,skywork_vl_reward_7b,1.256480408242766,-0.05856377593896167,0.09788193087493635,-0.08734775239944537
count,1,gemma3_4b_it,idefics3_8b_llama3,0.8649171555571322,-0.17598882562304352,-0.021579646213285564,-0.02593846793902821
count,2,gemma3_4b_it,idefics3_8b_llama3,0.8649171555571322,-0.17598882562304352,-0.021579646213285564,-0.02593846793902821
count,3,gemma3_4b_it,idefics3_8b_llama3,0.8649171555571322,-0.17598882562304352,-0.021579646213285564,-0.02593846793902821
count,3,gemma3_4b_it,llava_onevision_qwen2_7b,2.2614617600897335,-0.07891461490180263,0.06391151037816512,-0.11130643070139423
count,3,molmo_7b_d_0924,skywork_vl_reward_7b,2.8396961299346435,0.11594095510454794,0.03665494501790123,-0.1337150996648364
count,1,molmo_7b_d_0924,idefics3_8b_llama3,0.7182985661347452,-0.0014840945795339122,-0.08280663207032068,-0.07230581520441925
count,2,molmo_7b_d_0924,idefics3_8b_llama3,0.7182985661347452,-0.0014840945795339122,-0.08280663207032068,-0.07230581520441925
count,3,molmo_7b_d_0924,idefics3_8b_llama3,0.7182985661347452,-0.0014840945795339122,-0.08280663207032068,-0.07230581520441925
count,2,molmo_7b_d_0924,phi35_vision_instruct,1.9705310485553684,0.10027623995714952,-0.023493474523387903,-0.04700771718560082
count,3,molmo_7b_d_0924,phi35_vision_instruct,1.9705310485553684,0.10027623995714952,-0.023493474523387903,-0.04700771718560082
count,2,molmo_7b_d_0924,internvl3_8b_hf,1.5628768169979046,0.1014409037083931,0.002648734931161467,-0.01635533876214912
count,3,molmo_7b_d_0924,internvl3_8b_hf,1.5628768169979046,0.1014409037083931,0.002648734931161467,-0.01635533876214912
count,3,skywork_vl_reward_7b,idefics3_8b_llama3,2.1213975637998983,-0.11742504968408185,-0.11946157708822192,0.06140928446041716
count,2,skywork_vl_reward_7b,llava_onevision_qwen2_7b,1.0049813518469675,-0.020350838962840956,-0.033970420496771236,-0.023958678301948866
count,3,skywork_vl_reward_7b,llava_onevision_qwen2_7b,1.0049813518469675,-0.020350838962840956,-0.033970420496771236,-0.023958678301948866
count,3,idefics3_8b_llama3,phi35_vision_instruct,2.6888296146901136,0.10176033453668343,0.05931315754693278,0.025298098018818438
count,3,idefics3_8b_llama3,internvl3_8b_hf,2.28117538313265,0.102924998287927,0.08545536700148215,0.055950476442270136
count,1,phi35_vision_instruct,internvl3_8b_hf,0.40765423155746383,0.0011646637512435776,0.02614220945454937,0.0306523784234517
count,2,phi35_vision_instruct,internvl3_8b_hf,0.40765423155746383,0.0011646637512435776,0.02614220945454937,0.0306523784234517
count,3,phi35_vision_instruct,internvl3_8b_hf,0.40765423155746383,0.0011646637512435776,0.02614220945454937,0.0306523784234517
attribute,3,qwen3_vl_4b_instruct,gemma3_4b_it,2.8555537080067306,0.07863769018054523,0.12353452025996148,0.11182833497838929
attribute,2,qwen3_vl_4b_instruct,molmo_7b_d_0924,1.9919999497509444,-0.0459338273761819,0.09237295987078942,0.14496722638850357
attribute,3,qwen3_vl_4b_instruct,molmo_7b_d_0924,1.9919999497509444,-0.0459338273761819,0.09237295987078942,0.14496722638850357
attribute,1,qwen3_vl_4b_instruct,idefics3_8b_llama3,0.6534110030051221,0.1325216867588362,0.10820113861099812,0.1106322450306142
attribute,2,qwen3_vl_4b_instruct,idefics3_8b_llama3,0.6534110030051221,0.1325216867588362,0.10820113861099812,0.1106322450306142
attribute,3,qwen3_vl_4b_instruct,idefics3_8b_llama3,0.6534110030051221,0.1325216867588362,0.10820113861099812,0.1106322450306142
attribute,2,qwen3_vl_4b_instruct,internvl3_8b_hf,1.6872338994128766,-0.009131861137586572,-0.0055374997724912944,-0.0035235484387879934
attribute,3,qwen3_vl_4b_instruct,internvl3_8b_hf,1.6872338994128766,-0.009131861137586572,-0.0055374997724912944,-0.0035235484387879934
attribute,1,gemma3_4b_it,molmo_7b_d_0924,0.8635537582557862,-0.12457151755672713,-0.03116156038917206,0.03313889141011428
attribute,2,gemma3_4b_it,molmo_7b_d_0924,0.8635537582557862,-0.12457151755672713,-0.03116156038917206,0.03313889141011428
attribute,3,gemma3_4b_it,molmo_7b_d_0924,0.8635537582557862,-0.12457151755672713,-0.03116156038917206,0.03313889141011428
attribute,1,gemma3_4b_it,skywork_vl_reward_7b,0.8522693911233281,-0.18876261475380152,-0.20721998789289797,-0.09398928545905427
attribute,2,gemma3_4b_it,skywork_vl_reward_7b,0.8522693911233281,-0.18876261475380152,-0.20721998789289797,-0.09398928545905427
attribute,3,gemma3_4b_it,skywork_vl_reward_7b,0.8522693911233281,-0.18876261475380152,-0.20721998789289797,-0.09398928545905427
attribute,3,gemma3_4b_it,phi35_vision_instruct,2.5724070712039637,-0.16053622886648733,-0.05372369576740377,0.003401652524778309
attribute,2,gemma3_4b_it,internvl3_8b_hf,1.168319808593854,-0.0877695513181318,-0.12907202003245277,-0.11535188341717728
attribute,3,gemma3_4b_it,internvl3_8b_hf,1.168319808593854,-0.0877695513181318,-0.12907202003245277,-0.11535188341717728
attribute,2,gemma3_4b_it,llava_onevision_qwen2_7b,1.0865821017662314,-0.009053566276200686,-0.1261857318193076,-0.05684952835922885
attribute,3,gemma3_4b_it,llava_onevision_qwen2_7b,1.0865821017662314,-0.009053566276200686,-0.1261857318193076,-0.05684952835922885
attribute,2,molmo_7b_d_0924,skywork_vl_reward_7b,1.7158231493791143,-0.06419109719707439,-0.1760584275037259,-0.12712817686916855
attribute,3,molmo_7b_d_0924,skywork_vl_reward_7b,1.7158231493791143,-0.06419109719707439,-0.1760584275037259,-0.12712817686916855
attribute,3,molmo_7b_d_0924,idefics3_8b_llama3,2.6454109527560665,0.1784555141350181,0.015828178740208698,-0.03433498135788937
attribute,1,molmo_7b_d_0924,internvl3_8b_hf,0.3047660503380678,0.03680196623859533,-0.09791045964328071,-0.14849077482729156
attribute,2,molmo_7b_d_0924,internvl3_8b_hf,0.3047660503380678,0.03680196623859533,-0.09791045964328071,-0.14849077482729156
attribute,3,molmo_7b_d_0924,internvl3_8b_hf,0.3047660503380678,0.03680196623859533,-0.09791045964328071,-0.14849077482729156
attribute,2,molmo_7b_d_0924,llava_onevision_qwen2_7b,1.9501358600220176,0.11551795128052644,-0.09502417143013553,-0.08998841976934313
attribute,3,molmo_7b_d_0924,llava_onevision_qwen2_7b,1.9501358600220176,0.11551795128052644,-0.09502417143013553,-0.08998841976934313
attribute,2,skywork_vl_reward_7b,phi35_vision_instruct,1.7201376800806356,0.028226385887314187,0.1534962921254942,0.09739093798383258
attribute,3,skywork_vl_reward_7b,phi35_vision_instruct,1.7201376800806356,0.028226385887314187,0.1534962921254942,0.09739093798383258
attribute,3,skywork_vl_reward_7b,internvl3_8b_hf,2.020589199717182,0.10099306343566972,0.0781479678604452,-0.02136259795812301
attribute,1,skywork_vl_reward_7b,llava_onevision_qwen2_7b,0.23431271064290327,0.17970904847760083,0.08103425607359038,0.03713975709982542
attribute,2,skywork_vl_reward_7b,llava_onevision_qwen2_7b,0.23431271064290327,0.17970904847760083,0.08103425607359038,0.03713975709982542
attribute,3,skywork_vl_reward_7b,llava_onevision_qwen2_7b,0.23431271064290327,0.17970904847760083,0.08103425607359038,0.03713975709982542
attribute,3,idefics3_8b_llama3,internvl3_8b_hf,2.3406449024179987,-0.14165354789642276,-0.11373863838348941,-0.11415579346940219
attribute,2,phi35_vision_instruct,llava_onevision_qwen2_7b,1.4858249694377323,0.15148266259028664,-0.07246203605190382,-0.06025118088400716
attribute,3,phi35_vision_instruct,llava_onevision_qwen2_7b,1.4858249694377323,0.15148266259028664,-0.07246203605190382,-0.06025118088400716
attribute,3,internvl3_8b_hf,llava_onevision_qwen2_7b,2.2549019103600854,0.07871598504193111,0.002886288213145183,0.05850235505794843
presence,3,qwen3_vl_4b_instruct,gemma3_4b_it,2.695262469262527,0.170485051909103,0.1353376413049241,-0.0997939438536557
presence,1,qwen3_vl_4b_instruct,skywork_vl_reward_7b,0.7315448498331323,0.13847697376649515,-0.05661307185269271,0.004814450124025371
presence,2,qwen3_vl_4b_instruct,skywork_vl_reward_7b,0.7315448498331323,0.13847697376649515,-0.05661307185269271,0.004814450124025371
presence,3,qwen3_vl_4b_instruct,skywork_vl_reward_7b,0.7315448498331323,0.13847697376649515,-0.05661307185269271,0.004814450124025371
presence,3,qwen3_vl_4b_instruct,internvl3_8b_hf,2.492218419622527,0.24167595940287145,0.1013728665966519,0.04433227830510722
presence,3,qwen3_vl_4b_instruct,llava_onevision_qwen2_7b,2.416424049688204,0.1388013886328222,0.06975561526088792,-0.06123458375408619
presence,2,gemma3_4b_it,molmo_7b_d_0924,1.1897381935083162,0.04060565815974132,-0.02622890656540766,0.11376037774551373
presence,3,gemma3_4b_it,molmo_7b_d_0924,1.1897381935083162,0.04060565815974132,-0.02622890656540766,0.11376037774551373
presence,2,gemma3_4b_it,skywork_vl_reward_7b,1.9637176194293948,-0.032008078142607865,-0.1919507131576168,0.10460839397768107
presence,3,gemma3_4b_it,skywork_vl_reward_7b,1.9637176194293948,-0.032008078142607865,-0.1919507131576168,0.10460839397768107
presence,1,gemma3_4b_it,idefics3_8b_llama3,0.30619578271010583,-0.12274024465777345,-0.1369356194449911,0.10135381696019352
presence,2,gemma3_4b_it,idefics3_8b_llama3,0.30619578271010583,-0.12274024465777345,-0.1369356194449911,0.10135381696019352
presence,3,gemma3_4b_it,idefics3_8b_llama3,0.30619578271010583,-0.12274024465777345,-0.1369356194449911,0.10135381696019352
presence,1,gemma3_4b_it,internvl3_8b_hf,0.2030440496399999,0.07119090749376844,-0.033964774708272194,0.14412622215876292
presence,2,gemma3_4b_it,internvl3_8b_hf,0.2030440496399999,0.07119090749376844,-0.033964774708272194,0.14412622215876292
presence,3,gemma3_4b_it,internvl3_8b_hf,0.2030440496399999,0.07119090749376844,-0.033964774708272194,0.14412622215876292
presence,1,gemma3_4b_it,llava_onevision_qwen2_7b,0.2788384195743232,-0.031683663276280805,-0.06558202604403618,0.038559360099569506
presence,2,gemma3_4b_it,llava_onevision_qwen2_7b,0.2788384195743232,-0.031683663276280805,-0.06558202604403618,0.038559360099569506
presence,3,gemma3_4b_it,llava_onevision_qwen2_7b,0.2788384195743232,-0.031683663276280805,-0.06558202604403618,0.038559360099569506
presence,1,molmo_7b_d_0924,idefics3_8b_llama3,0.8835424107982104,-0.16334590281751477,-0.11070671287958345,-0.012406560785320209
presence,2,molmo_7b_d_0924,idefics3_8b_llama3,0.8835424107982104,-0.16334590281751477,-0.11070671287958345,-0.012406560785320209
presence,3,molmo_7b_d_0924,idefics3_8b_llama3,0.8835424107982104,-0.16334590281751477,-0.11070671287958345,-0.012406560785320209
presence,3,molmo_7b_d_0924,phi35_vision_instruct,2.26320141990205,-0.10462657305951689,0.030765258611846757,-0.07743489340926613
presence,2,molmo_7b_d_0924,internvl3_8b_hf,1.3927822431483161,0.03058524933402712,-0.007735868142864533,0.030365844413249188
presence,3,molmo_7b_d_0924,internvl3_8b_hf,1.3927822431483161,0.03058524933402712,-0.007735868142864533,0.030365844413249188
presence,2,molmo_7b_d_0924,llava_onevision_qwen2_7b,1.4685766130826394,-0.07228932143602212,-0.03935311947862852,-0.07520101764594422
presence,3,molmo_7b_d_0924,llava_onevision_qwen2_7b,1.4685766130826394,-0.07228932143602212,-0.03935311947862852,-0.07520101764594422
presence,3,skywork_vl_reward_7b,idefics3_8b_llama3,2.2699134021395007,-0.09073216651516558,0.055015093712625696,-0.0032545770174875477
presence,2,skywork_vl_reward_7b,internvl3_8b_hf,1.760673569789395,0.1031989856363763,0.1579859384493446,0.03951782818108185
presence,3,skywork_vl_reward_7b,internvl3_8b_hf,1.760673569789395,0.1031989856363763,0.1579859384493446,0.03951782818108185
presence,2,skywork_vl_reward_7b,llava_onevision_qwen2_7b,1.6848791998550716,0.00032441486632706074,0.12636868711358062,-0.06604903387811156
presence,3,skywork_vl_reward_7b,llava_onevision_qwen2_7b,1.6848791998550716,0.00032441486632706074,0.12636868711358062,-0.06604903387811156
presence,1,idefics3_8b_llama3,internvl3_8b_hf,0.5092398323501057,0.19393115215154189,0.10297084473671891,0.042772405198569396
presence,2,idefics3_8b_llama3,internvl3_8b_hf,0.5092398323501057,0.19393115215154189,0.10297084473671891,0.042772405198569396
presence,3,idefics3_8b_llama3,internvl3_8b_hf,0.5092398323501057,0.19393115215154189,0.10297084473671891,0.042772405198569396
presence,1,idefics3_8b_llama3,llava_onevision_qwen2_7b,0.585034202284429,0.09105658138149264,0.07135359340095493,-0.06279445686062401
presence,2,idefics3_8b_llama3,llava_onevision_qwen2_7b,0.585034202284429,0.09105658138149264,0.07135359340095493,-0.06279445686062401
presence,3,idefics3_8b_llama3,llava_onevision_qwen2_7b,0.585034202284429,0.09105658138149264,0.07135359340095493,-0.06279445686062401
presence,1,internvl3_8b_hf,llava_onevision_qwen2_7b,0.07579436993432331,-0.10287457077004925,-0.031617251335763985,-0.10556686205919341
presence,2,internvl3_8b_hf,llava_onevision_qwen2_7b,0.07579436993432331,-0.10287457077004925,-0.031617251335763985,-0.10556686205919341
presence,3,internvl3_8b_hf,llava_onevision_qwen2_7b,0.07579436993432331,-0.10287457077004925,-0.031617251335763985,-0.10556686205919341
spatial,2,qwen3_vl_4b_instruct,gemma3_4b_it,1.9147089689438124,-0.17594213885896948,0.039126395926380786,0.0945430141841469
spatial,3,qwen3_vl_4b_instruct,gemma3_4b_it,1.9147089689438124,-0.17594213885896948,0.039126395926380786,0.0945430141841469
spatial,1,qwen3_vl_4b_instruct,molmo_7b_d_0924,0.48433502381222127,0.04128537384683395,0.09446032809841187,0.02894177225197203
spatial,2,qwen3_vl_4b_instruct,molmo_7b_d_0924,0.48433502381222127,0.04128537384683395,0.09446032809841187,0.02894177225197203
spatial,3,qwen3_vl_4b_instruct,molmo_7b_d_0924,0.48433502381222127,0.04128537384683395,0.09446032809841187,0.02894177225197203
spatial,1,qwen3_vl_4b_instruct,skywork_vl_reward_7b,0.44960262387466754,0.06656756820802057,-0.06482742391608742,0.07542674674980343
spatial,2,qwen3_vl_4b_instruct,skywork_vl_reward_7b,0.44960262387466754,0.06656756820802057,-0.06482742391608742,0.07542674674980343
spatial,3,qwen3_vl_4b_instruct,skywork_vl_reward_7b,0.44960262387466754,0.06656756820802057,-0.06482742391608742,0.07542674674980343
spatial,3,qwen3_vl_4b_instruct,idefics3_8b_llama3,2.5132363871397945,-0.07677247696479195,0.11166542226780296,0.1025494829423691
spatial,2,qwen3_vl_4b_instruct,phi35_vision_instruct,1.3846054746690095,0.026748061786314947,0.013372460509383677,0.09511640452789794
spatial,3,qwen3_vl_4b_instruct,phi35_vision_instruct,1.3846054746690095,0.026748061786314947,0.013372460509383677,0.09511640452789794
spatial,2,qwen3_vl_4b_instruct,internvl3_8b_hf,1.0959480696427826,-0.16013025742862552,-0.08086943418513493,-0.0409663432977585
spatial,3,qwen3_vl_4b_instruct,internvl3_8b_hf,1.0959480696427826,-0.16013025742862552,-0.08086943418513493,-0.0409663432977585
spatial,3,qwen3_vl_4b_instruct,llava_onevision_qwen2_7b,2.215437204152859,-0.06801022479919161,0.06196860838597784,0.10130289526100744
spatial,2,gemma3_4b_it,molmo_7b_d_0924,1.430373945131591,0.21722751270580343,0.055333932172031086,-0.06560124193217487
spatial,3,gemma3_4b_it,molmo_7b_d_0924,1.430373945131591,0.21722751270580343,0.055333932172031086,-0.06560124193217487
spatial,3,gemma3_4b_it,skywork_vl_reward_7b,2.36431159281848,0.24250970706699004,-0.10395381984246821,-0.01911626743434347
spatial,1,gemma3_4b_it,phi35_vision_instruct,0.5301034942748029,0.20269020064528442,-0.02575393541699711,0.0005733903437510346
spatial,2,gemma3_4b_it,phi35_vision_instruct,0.5301034942748029,0.20269020064528442,-0.02575393541699711,0.0005733903437510346
spatial,3,gemma3_4b_it,phi35_vision_instruct,0.5301034942748029,0.20269020064528442,-0.02575393541699711,0.0005733903437510346
spatial,1,molmo_7b_d_0924,skywork_vl_reward_7b,0.9339376476868888,0.025282194361186616,-0.1592877520144993,0.0464849744978314
spatial,2,molmo_7b_d_0924,skywork_vl_reward_7b,0.9339376476868888,0.025282194361186616,-0.1592877520144993,0.0464849744978314
spatial,3,molmo_7b_d_0924,skywork_vl_reward_7b,0.9339376476868888,0.025282194361186616,-0.1592877520144993,0.0464849744978314
spatial,3,molmo_7b_d_0924,idefics3_8b_llama3,2.9975714109520157,-0.1180578508116259,0.01720509416939109,0.07360771069039707
spatial,1,molmo_7b_d_0924,phi35_vision_instruct,0.9002704508567883,-0.014537312060519003,-0.0810878675890282,0.0661746322759259
spatial,2,molmo_7b_d_0924,phi35_vision_instruct,0.9002704508567883,-0.014537312060519003,-0.0810878675890282,0.0661746322759259
spatial,3,molmo_7b_d_0924,phi35_vision_instruct,0.9002704508567883,-0.014537312060519003,-0.0810878675890282,0.0661746322759259
spatial,2,molmo_7b_d_0924,internvl3_8b_hf,1.5802830934550038,-0.20141563127545947,-0.1753297622835468,-0.06990811554973053
spatial,3,molmo_7b_d_0924,internvl3_8b_hf,1.5802830934550038,-0.20141563127545947,-0.1753297622835468,-0.06990811554973053
spatial,3,molmo_7b_d_0924,llava_onevision_qwen2_7b,2.6997722279650804,-0.10929559864602556,-0.03249171971243403,0.07236112300903541
spatial,3,skywork_vl_reward_7b,idefics3_8b_llama3,2.063633763265127,-0.1433400451728125,0.17649284618389038,0.027122736192565666
spatial,2,skywork_vl_reward_7b,phi35_vision_instruct,1.834208098543677,-0.03981950642170562,0.0781998844254711,0.019689657778094505
spatial,3,skywork_vl_reward_7b,phi35_vision_instruct,1.834208098543677,-0.03981950642170562,0.0781998844254711,0.019689657778094505
spatial,1,skywork_vl_reward_7b,internvl3_8b_hf,0.646345445768115,-0.2266978256366461,-0.016042010269047502,-0.11639309004756193
spatial,2,skywork_vl_reward_7b,internvl3_8b_hf,0.646345445768115,-0.2266978256366461,-0.016042010269047502,-0.11639309004756193
spatial,3,skywork_vl_reward_7b,internvl3_8b_hf,0.646345445768115,-0.2266978256366461,-0.016042010269047502,-0.11639309004756193
spatial,2,skywork_vl_reward_7b,llava_onevision_qwen2_7b,1.7658345802781916,-0.13457779300721218,0.12679603230206526,0.02587614851120401
spatial,3,skywork_vl_reward_7b,llava_onevision_qwen2_7b,1.7658345802781916,-0.13457779300721218,0.12679603230206526,0.02587614851120401
spatial,2,idefics3_8b_llama3,internvl3_8b_hf,1.417288317497012,-0.08335778046383358,-0.19253485645293789,-0.1435158262401276
spatial,3,idefics3_8b_llama3,internvl3_8b_hf,1.417288317497012,-0.08335778046383358,-0.19253485645293789,-0.1435158262401276
spatial,1,idefics3_8b_llama3,llava_onevision_qwen2_7b,0.2977991829869353,0.008762252165600337,-0.04969681388182512,-0.001246587681361655
spatial,2,idefics3_8b_llama3,llava_onevision_qwen2_7b,0.2977991829869353,0.008762252165600337,-0.04969681388182512,-0.001246587681361655
spatial,3,idefics3_8b_llama3,llava_onevision_qwen2_7b,0.2977991829869353,0.008762252165600337,-0.04969681388182512,-0.001246587681361655
spatial,3,phi35_vision_instruct,internvl3_8b_hf,2.480553544311792,-0.18687831921494047,-0.0942418946945186,-0.13608274782565644
spatial,2,internvl3_8b_hf,llava_onevision_qwen2_7b,1.1194891345100766,0.09212003262943391,0.14283804257111277,0.14226923855876594
spatial,3,internvl3_8b_hf,llava_onevision_qwen2_7b,1.1194891345100766,0.09212003262943391,0.14283804257111277,0.14226923855876594
