scope,split,collision_type,physical_image_id,n_items,item_ids,note
within_split,downstream_v2,shared_physical_image_within_split,e5b45858fef5b1fb286f96d71ae5322b2d0c23b985406e52386380d2f97429de,2,tallyqa_down:count:30132806|gqa_down:spatial:19355323,Not a static/audit/downstream leak; TallyQA and GQA can share VG/COCO bytes inside one split.
within_split,downstream_v2,shared_physical_image_within_split,90ef8f8beb813da646b0582d9cc19b988bae9a48d3d2a8abd6a5e63b40f035df,2,tallyqa_down:count:30098614|gqa_down:presence:06610162,Not a static/audit/downstream leak; TallyQA and GQA can share VG/COCO bytes inside one split.
within_split,downstream_v2,shared_physical_image_within_split,1ff2ec313c9cc8ab25b3ed4fa6191d4e0307f8c4b2d67356b4ecb06ecf106ec2,2,tallyqa_down:count:30126734|gqa_down:spatial:08211523,Not a static/audit/downstream leak; TallyQA and GQA can share VG/COCO bytes inside one split.
within_split,downstream_v2,shared_physical_image_within_split,13ea17d6ad13b3fb5542d6d7615cc2d32d0149b9d734ff265f9dcc1ab7993dcf,2,tallyqa_down:count:30109197|gqa_down:spatial:08849759,Not a static/audit/downstream leak; TallyQA and GQA can share VG/COCO bytes inside one split.
within_split,downstream_v2,shared_physical_image_within_split,25273e8c700f800efdb78b6857fa99fb03d2bdfe957386fa316552b4ecba2a8c,2,tallyqa_down:count:30119931|gqa_down:attribute:161043032,Not a static/audit/downstream leak; TallyQA and GQA can share VG/COCO bytes inside one split.
within_split,downstream_v2,shared_physical_image_within_split,7d3f4fa8ea3316b8f3541a9bb56a326d56965e0c1ab2b4691fcb6c9a7d086243,2,tallyqa_down:count:30123379|gqa_down:spatial:18505424,Not a static/audit/downstream leak; TallyQA and GQA can share VG/COCO bytes inside one split.
within_split,downstream_v2,shared_physical_image_within_split,769de37133238bc328c98cdaf528978dd3306a634c93453620dea327d775409c,2,tallyqa_down:count:30143318|gqa_down:attribute:03291332,Not a static/audit/downstream leak; TallyQA and GQA can share VG/COCO bytes inside one split.
within_split,downstream_v2,shared_physical_image_within_split,f6330be8788dce2ad3f1b6808adcae4d5352029fb56b9f2f919fd909b82a43a4,2,tallyqa_down:count:30133039|gqa_down:spatial:09790744,Not a static/audit/downstream leak; TallyQA and GQA can share VG/COCO bytes inside one split.
within_split,downstream_v2,shared_physical_image_within_split,9f7ada63eac40e8ac0e343a1d3f0539067961b021d3419968b9a7fa46f759c90,2,tallyqa_down:count:30094946|gqa_down:presence:17741378,Not a static/audit/downstream leak; TallyQA and GQA can share VG/COCO bytes inside one split.
within_split,downstream_v2,shared_physical_image_within_split,fe8a363047448a86efc7a180f586466fd54a5ff6d4e7c7ebe3e777536d77a4a7,2,tallyqa_down:count:30125527|gqa_down:attribute:03338848,Not a static/audit/downstream leak; TallyQA and GQA can share VG/COCO bytes inside one split.
within_split,downstream_v2,shared_physical_image_within_split,52accc3fe003881cc0209750a6de9e901dc1f8c1e43de1505f6f43606d5c377c,2,tallyqa_down:count:30145300|gqa_down:presence:12919326,Not a static/audit/downstream leak; TallyQA and GQA can share VG/COCO bytes inside one split.
within_split,downstream_v2,shared_physical_image_within_split,e255b7326ab7d88a45fb8c4a6cf43c86fc588eb3f1c2be88b25dd3a3d98e0dc2,2,tallyqa_down:count:30135010|gqa_down:attribute:01921454,Not a static/audit/downstream leak; TallyQA and GQA can share VG/COCO bytes inside one split.
within_split,downstream_v2,shared_physical_image_within_split,e87b2a35ee3344461ed6e026c99328789b887c910ab1551853d9a720d46832c6,2,tallyqa_down:count:30152866|gqa_down:attribute:11654523,Not a static/audit/downstream leak; TallyQA and GQA can share VG/COCO bytes inside one split.
within_split,downstream_v2,shared_physical_image_within_split,e4118b5bfda4fd2b63fff458e38b0f90bc464fe1b24e5d2f81e7cf9577bfc0a3,2,tallyqa_down:count:30124620|gqa_down:presence:11883172,Not a static/audit/downstream leak; TallyQA and GQA can share VG/COCO bytes inside one split.
within_split,downstream_v2,shared_physical_image_within_split,a2a3cf98a1f41b6482250f9a38a21f88262bb8598f6dc4cbbdfe354ffa375d2b,2,tallyqa_down:count:30150200|gqa_down:presence:19898337,Not a static/audit/downstream leak; TallyQA and GQA can share VG/COCO bytes inside one split.
within_split,downstream_v2,shared_physical_image_within_split,6c808b4f069a4d661837393e3849d637b7e62b5abf96d473cae9713a16a7a161,3,tallyqa_down:count:30162395|gqa_down:presence:09378288|gqa_down:spatial:09378514,Not a static/audit/downstream leak; TallyQA and GQA can share VG/COCO bytes inside one split.
within_split,downstream_v2,shared_physical_image_within_split,6bc3f40708ecf08fde037023a501e4cc2d4bca1ef18ffe9d4f7d047250d57219,2,tallyqa_down:count:30160162|gqa_down:attribute:00659747,Not a static/audit/downstream leak; TallyQA and GQA can share VG/COCO bytes inside one split.
within_split,downstream_v2,shared_physical_image_within_split,7d1726dbdc0a1fcb146e855e179f1f94ed803adb8af9491f82b7402c1bb4a333,2,tallyqa_down:count:30092642|gqa_down:attribute:16806558,Not a static/audit/downstream leak; TallyQA and GQA can share VG/COCO bytes inside one split.
within_split,downstream_v2,shared_physical_image_within_split,817b06742408fcfa689622b45c058558b30d759ec9adbb0e084b21037c61bd9d,2,tallyqa_down:count:30116095|gqa_down:spatial:12114668,Not a static/audit/downstream leak; TallyQA and GQA can share VG/COCO bytes inside one split.
within_split,downstream_v2,shared_physical_image_within_split,4f477115ebec2f0bd62404936fe4ba6c3f8ce6a320554e5429dab9edb564dc8e,2,tallyqa_down:count:30160445|gqa_down:attribute:09794830,Not a static/audit/downstream leak; TallyQA and GQA can share VG/COCO bytes inside one split.
within_split,downstream_v2,shared_physical_image_within_split,91ada380c5abb95925e9bcbdf69eb4539c6dbc3047d4f6bce6df540e57bfc866,2,tallyqa_down:count:30131190|gqa_down:attribute:16114343,Not a static/audit/downstream leak; TallyQA and GQA can share VG/COCO bytes inside one split.
within_split,downstream_v2,shared_physical_image_within_split,677c544b99164c9608ad122756e8ac1761a974b9ebc6ecce9fcdde3fe66cde7a,2,tallyqa_down:count:30118920|gqa_down:attribute:16825840,Not a static/audit/downstream leak; TallyQA and GQA can share VG/COCO bytes inside one split.
within_split,downstream_v2,shared_physical_image_within_split,54017922c2cd49f624a51e373fc5b0ff7f8849894a498778464b2a04285e31b8,2,tallyqa_down:count:30116242|gqa_down:attribute:0069937,Not a static/audit/downstream leak; TallyQA and GQA can share VG/COCO bytes inside one split.
within_split,downstream_v2,shared_physical_image_within_split,c00197a141f8311f94c846116c4763b0c801dad6df57d8bb4bc533fa28fabe52,2,tallyqa_down:count:30121336|gqa_down:attribute:00201765,Not a static/audit/downstream leak; TallyQA and GQA can share VG/COCO bytes inside one split.
within_split,downstream_v2,shared_physical_image_within_split,625a84ca70d18d895560924e4bac65fe17c2aac76748044aa16684dd3532cdea,2,tallyqa_down:count:30141429|gqa_down:attribute:01839069,Not a static/audit/downstream leak; TallyQA and GQA can share VG/COCO bytes inside one split.
within_split,downstream_v2,shared_physical_image_within_split,975f0c724c91bce80a7ccc3b11bb97e5f0d98901340e1cc9e8975516c95fba33,2,tallyqa_down:count:30127111|gqa_down:spatial:13540499,Not a static/audit/downstream leak; TallyQA and GQA can share VG/COCO bytes inside one split.
within_split,downstream_v2,shared_physical_image_within_split,9d36b259bf0083aebf04a10ea8231817b2958453e623a32fd2512e095ab6fdc8,2,tallyqa_down:count:30160303|gqa_down:spatial:03632973,Not a static/audit/downstream leak; TallyQA and GQA can share VG/COCO bytes inside one split.
within_split,downstream_v2,shared_physical_image_within_split,83589e24e2660c205e7d073b703e45dbfe8dbd20690708813f870dd022fa5901,2,tallyqa_down:count:30148490|gqa_down:attribute:09826668,Not a static/audit/downstream leak; TallyQA and GQA can share VG/COCO bytes inside one split.
within_split,downstream_v2,shared_physical_image_within_split,8a7ec87a017986c2b5012e12f4ca8eb3c5b3c1e69759fa8a41a4661633e88199,2,tallyqa_down:count:30110806|gqa_down:presence:0051319,Not a static/audit/downstream leak; TallyQA and GQA can share VG/COCO bytes inside one split.
within_split,downstream_v2,shared_physical_image_within_split,e10a08d4ba516cee1d4e56a716a155f604a4cd27d032f1b764402d5aa673c7f1,2,tallyqa_down:count:30143320|gqa_down:spatial:03291971,Not a static/audit/downstream leak; TallyQA and GQA can share VG/COCO bytes inside one split.
within_split,downstream_v2,shared_physical_image_within_split,01c1b5fbfb89ccb5a9d7727eadacb527dd3611e0416a4a1107467e89185ae8ce,2,tallyqa_down:count:30163783|gqa_down:spatial:16432405,Not a static/audit/downstream leak; TallyQA and GQA can share VG/COCO bytes inside one split.
within_split,downstream_v2,shared_physical_image_within_split,06ca2bd35280d0bb6ce3888440e16847eeb078f684adf83541662e991c362227,2,tallyqa_down:count:30114006|gqa_down:attribute:011005089,Not a static/audit/downstream leak; TallyQA and GQA can share VG/COCO bytes inside one split.
within_split,downstream_v2,shared_physical_image_within_split,28ad18c207b800552eab0928f37152c0d6958b661357bed832a164e260103a7f,2,tallyqa_down:count:30111541|gqa_down:spatial:05165529,Not a static/audit/downstream leak; TallyQA and GQA can share VG/COCO bytes inside one split.
within_split,downstream_v2,shared_physical_image_within_split,fc9ef036d6ef6bcb0880ce8cd98a321069ca80e670c1b3ed8be8f3d494e21289,2,tallyqa_down:count:30137435|gqa_down:presence:05736618,Not a static/audit/downstream leak; TallyQA and GQA can share VG/COCO bytes inside one split.
within_split,downstream_v2,shared_physical_image_within_split,5c4214d0503ea4ad699298cdca84ab631496d58d0ccdc4f6bafba9553fe067c6,2,tallyqa_down:count:30105919|gqa_down:spatial:121011017,Not a static/audit/downstream leak; TallyQA and GQA can share VG/COCO bytes inside one split.
within_split,downstream_v2,shared_physical_image_within_split,257f1fd483ace74b3b3d8b4c21fe0a7f90db031a11e7499c874e422c8675360d,2,tallyqa_down:count:30098354|gqa_down:spatial:14130563,Not a static/audit/downstream leak; TallyQA and GQA can share VG/COCO bytes inside one split.
within_split,downstream_v2,shared_physical_image_within_split,5e77c00cd83ce31257b335f48468b6009d1ee89b306a6d303e323ad248a19825,2,tallyqa_down:count:30164930|gqa_down:presence:05781313,Not a static/audit/downstream leak; TallyQA and GQA can share VG/COCO bytes inside one split.
within_split,downstream_v2,shared_physical_image_within_split,01cc0b1154703b3927e0545e3fed5109f9ba94a2d8c2d6a53675802fd7b5f9d8,2,tallyqa_down:count:30094548|gqa_down:presence:08280748,Not a static/audit/downstream leak; TallyQA and GQA can share VG/COCO bytes inside one split.
within_split,downstream_v2,shared_physical_image_within_split,983362035b260f8f667baac73249456869ad598528aa8a044ec0f8c8e4fdbb75,2,tallyqa_down:count:30118668|gqa_down:presence:10824413,Not a static/audit/downstream leak; TallyQA and GQA can share VG/COCO bytes inside one split.
within_split,downstream_v2,shared_physical_image_within_split,ed85dc1f4b4140cd922342660dcfd4fe24fb7433cbb4a7d35279782dc639db85,2,tallyqa_down:count:30138905|gqa_down:attribute:09701909,Not a static/audit/downstream leak; TallyQA and GQA can share VG/COCO bytes inside one split.
within_split,downstream_v2,shared_physical_image_within_split,5ad76babc911019781c3259a14b42164f5422aca65837d3c4f39173538908434,2,tallyqa_down:count:30145328|gqa_down:presence:10316313,Not a static/audit/downstream leak; TallyQA and GQA can share VG/COCO bytes inside one split.
within_split,downstream_v2,shared_physical_image_within_split,6ad2b52ff0bd5a8ab4f7ed9148b030c98e777784e19083b52cbd5c56cc1b6196,2,tallyqa_down:count:30149859|gqa_down:spatial:06206369,Not a static/audit/downstream leak; TallyQA and GQA can share VG/COCO bytes inside one split.
within_split,downstream_v2,shared_physical_image_within_split,341aa36a12787acdf053aa226446f12d65ab55e8ff0bd04407729842e58eb381,2,tallyqa_down:count:30118130|gqa_down:presence:19310576,Not a static/audit/downstream leak; TallyQA and GQA can share VG/COCO bytes inside one split.
within_split,downstream_v2,shared_physical_image_within_split,31e44c00063b2a9581da922bb53e2a1fef4449eb5dc9d25c1cfc0a8ae6922c65,2,tallyqa_down:count:9235574620662|gqa_down:attribute:17514111,Not a static/audit/downstream leak; TallyQA and GQA can share VG/COCO bytes inside one split.
within_split,downstream_v2,shared_physical_image_within_split,0bcd8b98cc071f06aaaa9feb102d2c7d1e41c6cefafe20c04b3f565b2c5a2224,2,tallyqa_down:count:30113410|gqa_down:spatial:041015969,Not a static/audit/downstream leak; TallyQA and GQA can share VG/COCO bytes inside one split.
within_split,downstream_v2,shared_physical_image_within_split,33267131841d8947527f457c846bb586edf23ce07fd5e8a5222e17d8a5200ec0,2,tallyqa_down:count:30141797|gqa_down:spatial:12289298,Not a static/audit/downstream leak; TallyQA and GQA can share VG/COCO bytes inside one split.
within_split,downstream_v2,shared_physical_image_within_split,b2e6cc93bea0f9f0c52313eae835ae45cfa0d66b3d4b0927e0e7534b5b1cb502,2,tallyqa_down:count:30110442|gqa_down:attribute:03825578,Not a static/audit/downstream leak; TallyQA and GQA can share VG/COCO bytes inside one split.
within_split,downstream_v2,shared_physical_image_within_split,142442cf5629bb99d82763ba05393a1072508ab659a950b6c5cc68682a61ad16,2,tallyqa_down:count:30118579|gqa_down:attribute:11103509,Not a static/audit/downstream leak; TallyQA and GQA can share VG/COCO bytes inside one split.
within_split,downstream_v2,shared_physical_image_within_split,092b57fce620db239981b40e4715aea4e6d1d5b005090b9fc6c6a2e6dda1556d,2,tallyqa_down:count:30144318|gqa_down:presence:09910433,Not a static/audit/downstream leak; TallyQA and GQA can share VG/COCO bytes inside one split.
within_split,downstream_v2,shared_physical_image_within_split,fbb7d91f1d48da3fa8b1e21fd99491c7f823887a32d27e4ad34a419ce44f2529,2,tallyqa_down:count:30144535|gqa_down:presence:16834672,Not a static/audit/downstream leak; TallyQA and GQA can share VG/COCO bytes inside one split.
within_split,downstream_v2,shared_physical_image_within_split,56e6c8561b72a3642eba1d771ffdea2246e0dd5b1c2b7f45ce6e9278e06d20d5,2,tallyqa_down:count:923438589735|gqa_down:spatial:10744339,Not a static/audit/downstream leak; TallyQA and GQA can share VG/COCO bytes inside one split.
within_split,downstream_v2,shared_physical_image_within_split,736e8c3785ac85cd6554f166fabf4a0d046468456a12db1c307400301fd2ee90,2,tallyqa_down:count:9235251619010|gqa_down:spatial:00521303,Not a static/audit/downstream leak; TallyQA and GQA can share VG/COCO bytes inside one split.
within_split,downstream_v2,shared_physical_image_within_split,7b1d60518effae5f570fbfc3b737106150cbf025b5e0a7770a8670fd7f883202,2,tallyqa_down:count:9239256312846|gqa_down:attribute:10701492,Not a static/audit/downstream leak; TallyQA and GQA can share VG/COCO bytes inside one split.
within_split,downstream_v2,shared_physical_image_within_split,75905410878044bf0c0077006ddfd6ea6a176b24208974bc15e99ed68fdcf193,2,tallyqa_down:count:923694525750|gqa_down:attribute:17503092,Not a static/audit/downstream leak; TallyQA and GQA can share VG/COCO bytes inside one split.
within_split,downstream_v2,shared_physical_image_within_split,758a7bec66af2ad0650ec0874527a25ed826cf6fb831f46abb7ceed398dbf199,2,tallyqa_down:count:924173951453|gqa_down:attribute:116199,Not a static/audit/downstream leak; TallyQA and GQA can share VG/COCO bytes inside one split.
within_split,downstream_v2,shared_physical_image_within_split,02c46fd302825c289bca69d0258f17a634c6aa990c893144543dcf5c4153fcad,2,tallyqa_down:count:9239547316063|gqa_down:attribute:11888726,Not a static/audit/downstream leak; TallyQA and GQA can share VG/COCO bytes inside one split.
within_split,downstream_v2,shared_physical_image_within_split,8415a09b73e1a51fe79cc3ba18977db57ea1d7a8dd94638c9c17b10daa1acfdb,2,tallyqa_down:count:9240028710540|gqa_down:presence:11769083,Not a static/audit/downstream leak; TallyQA and GQA can share VG/COCO bytes inside one split.
within_split,downstream_v2,shared_physical_image_within_split,91fa73bf74206b3976100dbd3dd6b0da37d376a03b06759048ca61f66644629c,2,tallyqa_down:count:9237587110364|gqa_down:spatial:19541530,Not a static/audit/downstream leak; TallyQA and GQA can share VG/COCO bytes inside one split.
within_split,downstream_v2,shared_physical_image_within_split,9a15d1ed659d14cef50855baed56679ca6dc053ee212bb60caa90f0fc44dfe49,2,tallyqa_down:count:924094632927|gqa_down:presence:18563732,Not a static/audit/downstream leak; TallyQA and GQA can share VG/COCO bytes inside one split.
within_split,downstream_v2,shared_physical_image_within_split,dcb164d6f0ce1db0c374b45e5ca499275f397f2ae138f7f764360b652fd143c4,2,tallyqa_down:count:923452409818|gqa_down:spatial:11506073,Not a static/audit/downstream leak; TallyQA and GQA can share VG/COCO bytes inside one split.
within_split,downstream_v2,shared_physical_image_within_split,57df941d3450886ef0f7ecd6bdc1403d4a138000c215b3418929e40e00380b81,2,tallyqa_down:count:9233980718931|gqa_down:spatial:11320906,Not a static/audit/downstream leak; TallyQA and GQA can share VG/COCO bytes inside one split.
within_split,downstream_v2,shared_physical_image_within_split,7ab8b42c7e82cc4fabfbf4d8ec5562d40990ef3bdcfd57c2afcec1c96eb3dbeb,2,tallyqa_down:count:9239266316271|gqa_down:attribute:02933669,Not a static/audit/downstream leak; TallyQA and GQA can share VG/COCO bytes inside one split.
within_split,downstream_v2,shared_physical_image_within_split,a71b9cb9a6b5586437035cca45c527044878af680a854baaa6f0aa65b3b2d079,2,tallyqa_down:count:9236212013241|gqa_down:attribute:0434822,Not a static/audit/downstream leak; TallyQA and GQA can share VG/COCO bytes inside one split.
within_split,downstream_v2,shared_physical_image_within_split,062097713db51535e17131655ac81d674f228efd0c6aadc9851de70c825d765b,2,tallyqa_down:count:30127518|gqa_down:attribute:08693387,Not a static/audit/downstream leak; TallyQA and GQA can share VG/COCO bytes inside one split.
within_split,downstream_v2,shared_physical_image_within_split,c409719e21bb9f5501a18844f9f6b495ab90517d1b85a0b6dcd64742dc41d37b,2,tallyqa_down:count:9238907914057|gqa_down:attribute:1929784,Not a static/audit/downstream leak; TallyQA and GQA can share VG/COCO bytes inside one split.
within_split,downstream_v2,shared_physical_image_within_split,f04550474ae232adf54a3b3916d8eada414ff985bd9746db9a83259284302661,2,tallyqa_down:count:911595009572|gqa_down:presence:121020679,Not a static/audit/downstream leak; TallyQA and GQA can share VG/COCO bytes inside one split.
within_split,downstream_v2,shared_physical_image_within_split,e95b2b5cb432b7d81405cb715b9dd7940fc56bb3b1825903f2cc175cce9f69d1,2,tallyqa_down:count:9237453116228|gqa_down:attribute:00596912,Not a static/audit/downstream leak; TallyQA and GQA can share VG/COCO bytes inside one split.
within_split,downstream_v2,shared_physical_image_within_split,bc1171210774afc25d47a96f536f9a1d70032c10bb4ccc4ac64607cfe3fbcc95,2,tallyqa_down:count:9234186117372|gqa_down:attribute:12833845,Not a static/audit/downstream leak; TallyQA and GQA can share VG/COCO bytes inside one split.
within_split,downstream_v2,shared_physical_image_within_split,ca7a443ad43160e052a806e3ebe07647eb6f577c7502c5fbd4857439cd9ade93,2,tallyqa_down:count:9232633218691|gqa_down:presence:03912915,Not a static/audit/downstream leak; TallyQA and GQA can share VG/COCO bytes inside one split.
within_split,downstream_v2,shared_physical_image_within_split,30f3410b1c38c24cf5b46b58e43a286e1af7e6a1751ac90316a45740149e96a4,2,tallyqa_down:count:923673468412|gqa_down:spatial:04140511,Not a static/audit/downstream leak; TallyQA and GQA can share VG/COCO bytes inside one split.
within_split,downstream_v2,shared_physical_image_within_split,44e37dbde70bb0df568fa6b0987843872d28fb48bcb5fe7de57f74af71985fbe,2,tallyqa_down:count:9237644613578|gqa_down:attribute:09621992,Not a static/audit/downstream leak; TallyQA and GQA can share VG/COCO bytes inside one split.
within_split,downstream_v2,shared_physical_image_within_split,808ade4a50e29772a32904e1ea3ef57932b174d8d310c61c09dd19f8c68bb204,2,tallyqa_down:count:911593695000|gqa_down:spatial:04383533,Not a static/audit/downstream leak; TallyQA and GQA can share VG/COCO bytes inside one split.
within_split,downstream_v2,shared_physical_image_within_split,65e935d331486cdf5d169abb5bb6d92c46ead1ffe0763c9423783064a2cf44ba,2,tallyqa_down:count:923739086078|gqa_down:spatial:17254376,Not a static/audit/downstream leak; TallyQA and GQA can share VG/COCO bytes inside one split.
within_split,downstream_v2,shared_physical_image_within_split,797fffde0e09c4be9fe97b43b3fcaca81a6f8d5ffec430514f2bdd7c36079a64,2,tallyqa_down:count:9240615113315|gqa_down:presence:0865846,Not a static/audit/downstream leak; TallyQA and GQA can share VG/COCO bytes inside one split.
within_split,downstream_v2,shared_physical_image_within_split,406049cf25a3f4086d4054e304ecb858bfa276200f9af92bffceb70066cc342b,2,tallyqa_down:count:9237144513331|gqa_down:attribute:191026985,Not a static/audit/downstream leak; TallyQA and GQA can share VG/COCO bytes inside one split.
within_split,downstream_v2,shared_physical_image_within_split,bc245fbc19f242b5fac5f4283cec9180396ca55bbcaee10fa3c12152670c482d,2,tallyqa_down:count:9241161110983|gqa_down:spatial:151003203,Not a static/audit/downstream leak; TallyQA and GQA can share VG/COCO bytes inside one split.
within_split,downstream_v2,shared_physical_image_within_split,fa356ae1f9f2398463151857a435b2ce66c5979b3384f6a58fd8726a8eca7049,2,tallyqa_down:count:923521385521|gqa_down:attribute:00113223,Not a static/audit/downstream leak; TallyQA and GQA can share VG/COCO bytes inside one split.
within_split,downstream_v2,shared_physical_image_within_split,f29ce0c2aafb9bf1423dcc3d66cf6eae0c8669555e243a1a6cdc180707a5e0f4,2,tallyqa_down:count:9234032314469|gqa_down:spatial:171049596,Not a static/audit/downstream leak; TallyQA and GQA can share VG/COCO bytes inside one split.
within_split,downstream_v2,shared_physical_image_within_split,328da318db3d2f20bf0cf185ff608464b58877b48b47d1299d444662390a8682,2,tallyqa_down:count:9235257016297|gqa_down:attribute:12614810,Not a static/audit/downstream leak; TallyQA and GQA can share VG/COCO bytes inside one split.
within_split,downstream_v2,shared_physical_image_within_split,58cd3c3e3ecdf091c6c7bd833f5057dffcaa3b34398e99064821fed36bbffc02,2,tallyqa_down:count:9235160317255|gqa_down:presence:10924155,Not a static/audit/downstream leak; TallyQA and GQA can share VG/COCO bytes inside one split.
within_split,downstream_v2,shared_physical_image_within_split,ab878e3cc6d88753d38b8359d735e474862b2f23d91aff6c1c59a0f8207f783b,2,tallyqa_down:count:9240123715900|gqa_down:presence:018651,Not a static/audit/downstream leak; TallyQA and GQA can share VG/COCO bytes inside one split.
within_split,downstream_v2,shared_physical_image_within_split,d1952c66e128bfe181ffff60c7ba5b4d700f3a953efc622704cf0360f4ab5c1b,2,tallyqa_down:count:9234289014407|gqa_down:presence:19489711,Not a static/audit/downstream leak; TallyQA and GQA can share VG/COCO bytes inside one split.
within_split,downstream_v2,shared_physical_image_within_split,f6188182d152f7062bdcffbcb1f86eb53fd5187d40aa64dcd6cadb8cb8da9e30,2,tallyqa_down:count:9241420020743|gqa_down:attribute:06343914,Not a static/audit/downstream leak; TallyQA and GQA can share VG/COCO bytes inside one split.
within_split,downstream_v2,shared_physical_image_within_split,f9d48564128bd0f4b61f45cc238217c44aca0fcd3b20ad692e771deb1ac0b040,2,tallyqa_down:count:923848218133|gqa_down:spatial:04281589,Not a static/audit/downstream leak; TallyQA and GQA can share VG/COCO bytes inside one split.
within_split,downstream_v2,shared_physical_image_within_split,0ca78c6f69230eb2ecde351fb31baf11826a1db5620dda9a069d90d0989ac2c2,2,tallyqa_down:count:9237228315294|gqa_down:spatial:04700428,Not a static/audit/downstream leak; TallyQA and GQA can share VG/COCO bytes inside one split.
within_split,downstream_v2,shared_physical_image_within_split,3a34af24aabf51f2ec5d9b75a12c90299cc771162c266e1e6b131f11d1c43598,2,tallyqa_down:count:923971531531|gqa_down:attribute:13459285,Not a static/audit/downstream leak; TallyQA and GQA can share VG/COCO bytes inside one split.
within_split,downstream_v2,shared_physical_image_within_split,3b4b99006a6cd7d49cbdc6f80723c3385f14df3cf725d1cb325ea4b5d22df49c,2,tallyqa_down:count:923533323585|gqa_down:attribute:13175976,Not a static/audit/downstream leak; TallyQA and GQA can share VG/COCO bytes inside one split.
within_split,downstream_v2,shared_physical_image_within_split,e905bb319805f6784c503627baac9641fbb60d7e0b5073bea66668a9abc5e63e,2,tallyqa_down:count:9239423317721|gqa_down:spatial:02671789,Not a static/audit/downstream leak; TallyQA and GQA can share VG/COCO bytes inside one split.
within_split,downstream_v2,shared_physical_image_within_split,29e180dcd70b7307887220a5092de44650b1bdf714e25e8acc3f36f9a22bccab,2,tallyqa_down:count:9232848416733|gqa_down:attribute:04103228,Not a static/audit/downstream leak; TallyQA and GQA can share VG/COCO bytes inside one split.
within_split,downstream_v2,shared_physical_image_within_split,ea2efad63a40215c3d9467588291fda74a36c9234651d6a423011558c2b7fbcd,2,tallyqa_down:count:9240482413589|gqa_down:presence:151055686,Not a static/audit/downstream leak; TallyQA and GQA can share VG/COCO bytes inside one split.
within_split,downstream_v2,shared_physical_image_within_split,b1da75a73ea71887f0552ca26716ca640f3cd7c575354455e62eddd04f7d59ec,2,tallyqa_down:count:9234091815495|gqa_down:spatial:16506180,Not a static/audit/downstream leak; TallyQA and GQA can share VG/COCO bytes inside one split.
within_split,downstream_v2,shared_physical_image_within_split,cc5b3c1ad1254a65fe6620618b37ce02fd1fb8bf9e75fc93fb7a0afa20c73cc3,2,tallyqa_down:count:923753024134|gqa_down:spatial:05935596,Not a static/audit/downstream leak; TallyQA and GQA can share VG/COCO bytes inside one split.
within_split,downstream_v2,shared_physical_image_within_split,1f67ea9d0f8d1469d01843a8d312c5b04b2e83fb87cb52c19bb5069467d6ac4b,2,tallyqa_down:count:30122765|gqa_down:attribute:09896115,Not a static/audit/downstream leak; TallyQA and GQA can share VG/COCO bytes inside one split.
within_split,downstream_v2,shared_physical_image_within_split,a5b88bd231061d33a1d78010ee28d4f40353512319bbcc43465776bbada6f298,2,tallyqa_down:count:92348234177|gqa_down:presence:05837659,Not a static/audit/downstream leak; TallyQA and GQA can share VG/COCO bytes inside one split.
within_split,downstream_v2,shared_physical_image_within_split,032d2e4b8de926147a18bd0f1ff5144459c71da0140f53f82d9b56eb8e303118,2,gqa_down:attribute:0533481|gqa_down:presence:0533464,Not a static/audit/downstream leak; TallyQA and GQA can share VG/COCO bytes inside one split.
within_split,downstream_v2,shared_physical_image_within_split,ff52fe2d6f71118c18de85b3dbbdaf1cd7fc7d6931062bf2dede83fef32774a5,2,gqa_down:attribute:03500094|gqa_down:attribute:03500235,Not a static/audit/downstream leak; TallyQA and GQA can share VG/COCO bytes inside one split.
within_split,downstream_v2,shared_physical_image_within_split,68b2dbf32990b70b48c8892723dd1f9932112693874e0cdf013b7edf307c232f,2,gqa_down:presence:141011934|gqa_down:spatial:141012007,Not a static/audit/downstream leak; TallyQA and GQA can share VG/COCO bytes inside one split.
within_split,downstream_v2,shared_physical_image_within_split,e76573a60d75ecc7b2fe80a94149e2db76795e8e736fa3c6e6c9364e025172ee,2,gqa_down:presence:00698832|gqa_down:presence:00698895,Not a static/audit/downstream leak; TallyQA and GQA can share VG/COCO bytes inside one split.
within_split,downstream_v2,shared_physical_image_within_split,39eed07832a1b3f07ebe97cbf1604bb00955955082cdbfb50bb7c9f05c975099,3,gqa_down:spatial:03590033|gqa_down:spatial:03590139|gqa_down:spatial:03590084,Not a static/audit/downstream leak; TallyQA and GQA can share VG/COCO bytes inside one split.
within_split,downstream_v2,shared_physical_image_within_split,e7c8c2363680d1d208c727bb393d818e4a90708ef46dae9ae6f93be5bec3bcb1,2,gqa_down:spatial:13495886|gqa_down:spatial:13495721,Not a static/audit/downstream leak; TallyQA and GQA can share VG/COCO bytes inside one split.
within_split,static,shared_physical_image_within_split,634801c68573a6666818e3503235245b38abf2802486711563053fe62cf7a0b4,2,tallyqa_static:count:30126536|gqa_static:presence:07766669,Not a static/audit/downstream leak; TallyQA and GQA can share VG/COCO bytes inside one split.
within_split,static,shared_physical_image_within_split,8a0f45b95b4a8fc2ef0de18ada3c1b2cade8ca7cc362f95c93d6b5f319f0b811,2,tallyqa_static:count:30153037|gqa_static:presence:19808050,Not a static/audit/downstream leak; TallyQA and GQA can share VG/COCO bytes inside one split.
within_split,static,shared_physical_image_within_split,1f39bcc48b7f760959ae0ffca54208207f78f0bf2dab955a16051ae6b5e11b78,2,tallyqa_static:count:9234611913821|gqa_static:attribute:19441414,Not a static/audit/downstream leak; TallyQA and GQA can share VG/COCO bytes inside one split.
within_split,static,shared_physical_image_within_split,c4aff2a1632cb9c97ad9d6414145801f0f475a1cc18ed21a165a420daccfea1a,3,tallyqa_static:count:30144868|gqa_static:attribute:12473553|gqa_static:spatial:12473433,Not a static/audit/downstream leak; TallyQA and GQA can share VG/COCO bytes inside one split.
within_split,static,shared_physical_image_within_split,7d69a50dead3107d971f0099ff116dde32f925b5b073fbdeacfd76430038e1b0,2,tallyqa_static:count:30135252|gqa_static:spatial:03678373,Not a static/audit/downstream leak; TallyQA and GQA can share VG/COCO bytes inside one split.
within_split,static,shared_physical_image_within_split,20f734516ec74f07f8e7ab4cd0b984bbeea2f9e6fe6eee6fc881fa91d7f335ba,2,tallyqa_static:count:30109348|gqa_static:presence:1629856,Not a static/audit/downstream leak; TallyQA and GQA can share VG/COCO bytes inside one split.
within_split,static,shared_physical_image_within_split,9673438a8dfcd8d043aac68fe79c438bb10e97d2acbe5be1836c363285542c30,2,tallyqa_static:count:30139364|gqa_static:presence:00902090,Not a static/audit/downstream leak; TallyQA and GQA can share VG/COCO bytes inside one split.
within_split,static,shared_physical_image_within_split,353966609e4c7cdc0acf398f5e5b966126f413e753785abcf40009c94f1a8628,2,tallyqa_static:count:30127060|gqa_static:attribute:03896158,Not a static/audit/downstream leak; TallyQA and GQA can share VG/COCO bytes inside one split.
within_split,static,shared_physical_image_within_split,a1f4e66fdb43b43b76a48a6eedfa6ec4a850b3b19818de48754d4abc5da095e6,2,tallyqa_static:count:30107104|gqa_static:presence:04736192,Not a static/audit/downstream leak; TallyQA and GQA can share VG/COCO bytes inside one split.
within_split,static,shared_physical_image_within_split,d7616068ac89f3ccfaaeee514afbdd893ba1c095bc116c59fb53ad01b153f405,2,tallyqa_static:count:30121463|gqa_static:presence:007728,Not a static/audit/downstream leak; TallyQA and GQA can share VG/COCO bytes inside one split.
within_split,static,shared_physical_image_within_split,897921dd56fe862acd18d89fff5675297bf653e84f210c6bfc858fefcf367477,2,tallyqa_static:count:30153897|gqa_static:spatial:0750573,Not a static/audit/downstream leak; TallyQA and GQA can share VG/COCO bytes inside one split.
within_split,static,shared_physical_image_within_split,871f53a4668be1cebe3ec4d3290373a30b16e8c7323e9ea82cae58d08677c207,2,tallyqa_static:count:30096062|gqa_static:attribute:06193261,Not a static/audit/downstream leak; TallyQA and GQA can share VG/COCO bytes inside one split.
within_split,static,shared_physical_image_within_split,030825b92f83ac4675f58482f8528c4d84665cb635726ad526afa9925770494a,2,tallyqa_static:count:30101906|gqa_static:attribute:0844798,Not a static/audit/downstream leak; TallyQA and GQA can share VG/COCO bytes inside one split.
within_split,static,shared_physical_image_within_split,a5442c751f029feab2139f956706380ee39ffcae8845f795e7c9625d641f1aab,2,tallyqa_static:count:30096337|gqa_static:presence:14342334,Not a static/audit/downstream leak; TallyQA and GQA can share VG/COCO bytes inside one split.
within_split,static,shared_physical_image_within_split,1f336ea684d40eb19be87afe559c4f43e9a244c95b2a8586158e11d8b6ffba32,2,tallyqa_static:count:30117758|gqa_static:attribute:00570490,Not a static/audit/downstream leak; TallyQA and GQA can share VG/COCO bytes inside one split.
within_split,static,shared_physical_image_within_split,b1ac55823d318d181869dbc5dd81683bf0cf63e49e44a810055820b5002ffaa6,2,tallyqa_static:count:30133059|gqa_static:spatial:16683938,Not a static/audit/downstream leak; TallyQA and GQA can share VG/COCO bytes inside one split.
within_split,static,shared_physical_image_within_split,35509b0440b9d68f3f6deecb33354c3b05f25a2af26c317049500d53f1ac71f3,2,tallyqa_static:count:30153070|gqa_static:attribute:04169168,Not a static/audit/downstream leak; TallyQA and GQA can share VG/COCO bytes inside one split.
within_split,static,shared_physical_image_within_split,7907fc158c1f83a434f6ba1e01211bb6f432f13ccedf5be16c642204503bdb32,2,tallyqa_static:count:30161179|gqa_static:attribute:05985819,Not a static/audit/downstream leak; TallyQA and GQA can share VG/COCO bytes inside one split.
within_split,static,shared_physical_image_within_split,e0890fc19974c53f79f2bad8c8770c7f31d38b7095456ccf811ef5b1fcd6c671,2,tallyqa_static:count:30130404|gqa_static:spatial:06938640,Not a static/audit/downstream leak; TallyQA and GQA can share VG/COCO bytes inside one split.
within_split,static,shared_physical_image_within_split,baef326fdc4a39c1bad63b770d2df83103a6cbc31fdb470a8c94c507284d3853,2,tallyqa_static:count:30136715|gqa_static:presence:00101998,Not a static/audit/downstream leak; TallyQA and GQA can share VG/COCO bytes inside one split.
within_split,static,shared_physical_image_within_split,4b6f4cbe69d1f649b278e402e74156521dafa73ab85e76728e73cf6ee9661d2d,2,tallyqa_static:count:30095864|gqa_static:presence:19273792,Not a static/audit/downstream leak; TallyQA and GQA can share VG/COCO bytes inside one split.
within_split,static,shared_physical_image_within_split,795645297436f70134d5fa8682c6274fa19a6a73b173b51b3cabb8b17f88c15c,2,tallyqa_static:count:9240971215515|gqa_static:attribute:14641518,Not a static/audit/downstream leak; TallyQA and GQA can share VG/COCO bytes inside one split.
within_split,static,shared_physical_image_within_split,63ec5394f16c7688fbc15fcfdbf5ac75f77ed626c73e9d2467ef68412d21d71c,2,tallyqa_static:count:30147607|gqa_static:presence:04477928,Not a static/audit/downstream leak; TallyQA and GQA can share VG/COCO bytes inside one split.
within_split,static,shared_physical_image_within_split,0e1153d924cdc7d484d8c087cb0cc7b40724523cc50df8a797de0d81f0194849,2,tallyqa_static:count:9238321818200|gqa_static:presence:13906016,Not a static/audit/downstream leak; TallyQA and GQA can share VG/COCO bytes inside one split.
within_split,static,shared_physical_image_within_split,bf511b9439c6829bf191c0879cddc5215f034ef10af782d7fc75ed5dc17bb566,2,tallyqa_static:count:30107184|gqa_static:presence:12102837,Not a static/audit/downstream leak; TallyQA and GQA can share VG/COCO bytes inside one split.
within_split,static,shared_physical_image_within_split,4f50af659f0f8888df1fdb4a502c9fdb7089bde16e21d669813c70d49be92371,2,tallyqa_static:count:30107279|gqa_static:attribute:15120299,Not a static/audit/downstream leak; TallyQA and GQA can share VG/COCO bytes inside one split.
within_split,static,shared_physical_image_within_split,90d1ae7bcfda13c191e043685f0ea82ca4a51eb79ae32948af15b99d6e804a89,2,tallyqa_static:count:9238235916196|gqa_static:spatial:19927656,Not a static/audit/downstream leak; TallyQA and GQA can share VG/COCO bytes inside one split.
within_split,static,shared_physical_image_within_split,8ca9af991342716268606286f8cf33d8569b0cb5294d93d302196092b931442f,2,tallyqa_static:count:30112757|gqa_static:presence:15343297,Not a static/audit/downstream leak; TallyQA and GQA can share VG/COCO bytes inside one split.
within_split,static,shared_physical_image_within_split,367ced11d5610c142efeb9f6a31547fa666a52279658b84ace881f282407144a,2,tallyqa_static:count:9235090418420|gqa_static:spatial:19628627,Not a static/audit/downstream leak; TallyQA and GQA can share VG/COCO bytes inside one split.
within_split,static,shared_physical_image_within_split,87bd5e51ed444b8d77f690baa9b18d4ac9e5d22af8a22c87bc54b16bb4337a4a,2,tallyqa_static:count:30123215|gqa_static:presence:07271862,Not a static/audit/downstream leak; TallyQA and GQA can share VG/COCO bytes inside one split.
within_split,static,shared_physical_image_within_split,433ed98929d21265e0be1fc256a61c8afd663ba94b569b36f50af53bee70ddb4,2,tallyqa_static:count:30137160|gqa_static:attribute:01394942,Not a static/audit/downstream leak; TallyQA and GQA can share VG/COCO bytes inside one split.
within_split,static,shared_physical_image_within_split,30517cad1bcccd05644ce12b9033ee13de50da9ac4b8a42450cb8a28d8fdc547,2,tallyqa_static:count:30130216|gqa_static:attribute:07711053,Not a static/audit/downstream leak; TallyQA and GQA can share VG/COCO bytes inside one split.
within_split,static,shared_physical_image_within_split,8f58eca400eac41479b2f8461a8febcda6c217222a7ad40ac7d4fee2a9c5966a,2,tallyqa_static:count:30132291|gqa_static:attribute:141024681,Not a static/audit/downstream leak; TallyQA and GQA can share VG/COCO bytes inside one split.
within_split,static,shared_physical_image_within_split,6283c8d18a4b087192ff93a5ee9061ab19b713252bd4b307a7a30f3bc86eb8d8,2,tallyqa_static:count:30141968|gqa_static:attribute:01259828,Not a static/audit/downstream leak; TallyQA and GQA can share VG/COCO bytes inside one split.
within_split,static,shared_physical_image_within_split,75921cfb496d5e55620a493d4d11a0f319ef446fec8c655364bf9447ceedefb1,2,tallyqa_static:count:30141488|gqa_static:presence:02476347,Not a static/audit/downstream leak; TallyQA and GQA can share VG/COCO bytes inside one split.
within_split,static,shared_physical_image_within_split,a692286877ab0099172e000b57e59d16b63ce6d80c6ec557993a85aac7e89b89,2,tallyqa_static:count:30111714|gqa_static:presence:02443033,Not a static/audit/downstream leak; TallyQA and GQA can share VG/COCO bytes inside one split.
within_split,static,shared_physical_image_within_split,81c3bd8747fd2b2f67bca2c426184b93668d3e08b7657877d2d4f9523c59ba71,2,tallyqa_static:count:30119151|gqa_static:spatial:07634621,Not a static/audit/downstream leak; TallyQA and GQA can share VG/COCO bytes inside one split.
within_split,static,shared_physical_image_within_split,2585f1231c093c997a17d1cdf5a461116bb73fcc23d127dcfa84e2d0efc56db9,2,tallyqa_static:count:30099049|gqa_static:presence:11581922,Not a static/audit/downstream leak; TallyQA and GQA can share VG/COCO bytes inside one split.
within_split,static,shared_physical_image_within_split,da5567c5aa21e65f27e6f9bfc9481a3d0b403cf8f561fc4ede44f9f0433ce8b2,2,tallyqa_static:count:30132339|gqa_static:presence:151049334,Not a static/audit/downstream leak; TallyQA and GQA can share VG/COCO bytes inside one split.
within_split,static,shared_physical_image_within_split,4b8906f429b6145eb1c6add930c37c57e7d86622c76d0b8e7505ebec79335678,2,tallyqa_static:count:30132293|gqa_static:presence:14153320,Not a static/audit/downstream leak; TallyQA and GQA can share VG/COCO bytes inside one split.
within_split,static,shared_physical_image_within_split,41e66e1a3f6f452ede1b52c1a98d3a9cb0ef701f08ffa9adc6ae5824069098a0,2,tallyqa_static:count:30123480|gqa_static:attribute:0914315,Not a static/audit/downstream leak; TallyQA and GQA can share VG/COCO bytes inside one split.
within_split,static,shared_physical_image_within_split,d178f29e354654bf22a0b4c230399a1fa94c892f67a4edef865697781e8ce9e3,2,tallyqa_static:count:30125227|gqa_static:presence:13931040,Not a static/audit/downstream leak; TallyQA and GQA can share VG/COCO bytes inside one split.
within_split,static,shared_physical_image_within_split,6c717b04d1b058aa53ec8b1a8f663b03c75e1a35292e4a63375f75e094ea63a4,2,tallyqa_static:count:30149337|gqa_static:attribute:02250586,Not a static/audit/downstream leak; TallyQA and GQA can share VG/COCO bytes inside one split.
within_split,static,shared_physical_image_within_split,f1fdcfcd3fc462ab0673ea1dee399c878470895f33f67268fb05a7d302f5c1da,2,tallyqa_static:count:30156833|gqa_static:spatial:19830674,Not a static/audit/downstream leak; TallyQA and GQA can share VG/COCO bytes inside one split.
within_split,static,shared_physical_image_within_split,1facb9f0f5d51eab22b1472e4c792d95e6a6a65c596f64e9e1b0d15bd78a051d,2,tallyqa_static:count:30138188|gqa_static:attribute:171015879,Not a static/audit/downstream leak; TallyQA and GQA can share VG/COCO bytes inside one split.
within_split,static,shared_physical_image_within_split,5fe260eebdf5572b068511bef3c9847d4987b3d1686c3ee9c265160fbd9cea2c,2,tallyqa_static:count:30162352|gqa_static:spatial:10880177,Not a static/audit/downstream leak; TallyQA and GQA can share VG/COCO bytes inside one split.
within_split,static,shared_physical_image_within_split,f9347e264a737e8c451445077cfa1a40a66b051dfa4367e1bfc250cd28f170e4,2,tallyqa_static:count:30142636|gqa_static:spatial:0731704,Not a static/audit/downstream leak; TallyQA and GQA can share VG/COCO bytes inside one split.
within_split,static,shared_physical_image_within_split,ca685a041b795ecbb2d6552cf89b31ccd2f9e3739f60aa234ac0315dfb0ab112,2,tallyqa_static:count:30147211|gqa_static:presence:03881783,Not a static/audit/downstream leak; TallyQA and GQA can share VG/COCO bytes inside one split.
within_split,static,shared_physical_image_within_split,3de27106fcebf596e98cb85d524852c4418a069590a9b4563fd2357b74e15fa0,2,tallyqa_static:count:30149930|gqa_static:attribute:11844912,Not a static/audit/downstream leak; TallyQA and GQA can share VG/COCO bytes inside one split.
within_split,static,shared_physical_image_within_split,00894df7d95a4dfa9f23dc68529e1c22788aea5b4f4b66b50d94f0d88ccca8f5,2,tallyqa_static:count:30144663|gqa_static:presence:16798584,Not a static/audit/downstream leak; TallyQA and GQA can share VG/COCO bytes inside one split.
within_split,static,shared_physical_image_within_split,f40091981b1ab325d9b456c32b04c173da5ca1b6a337eb33a83cbae2ff2e87d4,2,tallyqa_static:count:30158978|gqa_static:spatial:1022830,Not a static/audit/downstream leak; TallyQA and GQA can share VG/COCO bytes inside one split.
within_split,static,shared_physical_image_within_split,8d5f145be53224ab2d22cda338b37234308debd77ae4a57ceaee7b68d8449c36,2,tallyqa_static:count:30159527|gqa_static:attribute:08793082,Not a static/audit/downstream leak; TallyQA and GQA can share VG/COCO bytes inside one split.
within_split,static,shared_physical_image_within_split,4baf75b1ab529fa82938f8bcfc1ec1416af0ecc926d65659eeb97e52cb410638,2,tallyqa_static:count:30132981|gqa_static:spatial:04747876,Not a static/audit/downstream leak; TallyQA and GQA can share VG/COCO bytes inside one split.
within_split,static,shared_physical_image_within_split,97dd1eb1b6827b9b9e7e7bf2d0829a4e5138b12c31975ac15f474f88278a3530,2,tallyqa_static:count:30103739|gqa_static:attribute:01300151,Not a static/audit/downstream leak; TallyQA and GQA can share VG/COCO bytes inside one split.
within_split,static,shared_physical_image_within_split,8fa207156582fa0abbfe16ca79aea820ebdc78f418511bb2861e00912ce7790f,2,tallyqa_static:count:30122959|gqa_static:attribute:03404514,Not a static/audit/downstream leak; TallyQA and GQA can share VG/COCO bytes inside one split.
within_split,static,shared_physical_image_within_split,5c43e97b108922be760866f7c2ef452824bcae42ce55769b5bda0913602cf0f1,2,tallyqa_static:count:30150081|gqa_static:attribute:15508800,Not a static/audit/downstream leak; TallyQA and GQA can share VG/COCO bytes inside one split.
within_split,static,shared_physical_image_within_split,6460d99f2d18bdb1b7ade009c3acb611350505b70a344b1fe9a79d769fc9dd08,2,tallyqa_static:count:30100339|gqa_static:presence:001017607,Not a static/audit/downstream leak; TallyQA and GQA can share VG/COCO bytes inside one split.
within_split,static,shared_physical_image_within_split,3abfab88060be6cf2c3b538181f615f1cedeff14aaa305f962db94a7566fe979,2,tallyqa_static:count:30117487|gqa_static:presence:05546212,Not a static/audit/downstream leak; TallyQA and GQA can share VG/COCO bytes inside one split.
within_split,static,shared_physical_image_within_split,1fa6636ea0c3eb35e31459ec17f3f0c30871408887f37f577a75c223dfec53cb,2,tallyqa_static:count:9234426110806|gqa_static:attribute:03543567,Not a static/audit/downstream leak; TallyQA and GQA can share VG/COCO bytes inside one split.
within_split,static,shared_physical_image_within_split,c6e4439d0aa1d8e92c7c2e56aa3d015bb5facce4198502d20380512e89cd92ca,2,tallyqa_static:count:923184178009|gqa_static:presence:15662836,Not a static/audit/downstream leak; TallyQA and GQA can share VG/COCO bytes inside one split.
within_split,static,shared_physical_image_within_split,8d7758a47fb06e3f8d5027ee48f901cf48a0b366b72456d4d28106a388a99ae5,2,tallyqa_static:count:923738907305|gqa_static:attribute:07604654,Not a static/audit/downstream leak; TallyQA and GQA can share VG/COCO bytes inside one split.
within_split,static,shared_physical_image_within_split,acc30d5d3f714f1cde9fa2fede2c62d118c646b2c00820abb440cfabaf3329bf,2,tallyqa_static:count:9236646711343|gqa_static:presence:18547085,Not a static/audit/downstream leak; TallyQA and GQA can share VG/COCO bytes inside one split.
within_split,static,shared_physical_image_within_split,aa7b7f85ae69c6aa7ee94175711637c4fcb614566af702e6a31ef215b442a754,2,tallyqa_static:count:9238930418914|gqa_static:attribute:03691726,Not a static/audit/downstream leak; TallyQA and GQA can share VG/COCO bytes inside one split.
within_split,static,shared_physical_image_within_split,647f2423ebd2c2cf2900e31f16f19ab6eef49d4b2c28f2a15a43b032dc348bd0,2,tallyqa_static:count:923517363845|gqa_static:presence:02523576,Not a static/audit/downstream leak; TallyQA and GQA can share VG/COCO bytes inside one split.
within_split,static,shared_physical_image_within_split,f00224b844ae13e44b1080bcd104b82a88669e45eb5a64a11d0d125e1409538f,2,tallyqa_static:count:30120536|gqa_static:presence:04304709,Not a static/audit/downstream leak; TallyQA and GQA can share VG/COCO bytes inside one split.
within_split,static,shared_physical_image_within_split,aa7dcd560089da7551964147087f490cd16bf49ef24bec02e6130fb276cbaefa,2,tallyqa_static:count:924025306293|gqa_static:spatial:19820485,Not a static/audit/downstream leak; TallyQA and GQA can share VG/COCO bytes inside one split.
within_split,static,shared_physical_image_within_split,47cec175ef37751b1e062d86f283a377d848ea9a431c4230f53723dd53acf322,2,tallyqa_static:count:924124549886|gqa_static:spatial:06757117,Not a static/audit/downstream leak; TallyQA and GQA can share VG/COCO bytes inside one split.
within_split,static,shared_physical_image_within_split,3fb60df0fd045eb0a372fa3159e82bb0d22aa440ab73bd1a0ce44dc9eb89d8b1,2,tallyqa_static:count:9241305313039|gqa_static:attribute:13188774,Not a static/audit/downstream leak; TallyQA and GQA can share VG/COCO bytes inside one split.
within_split,static,shared_physical_image_within_split,b0d36cbdfcaa141f2a8df9a3b3ae83c021749c910e187e64f8808c1fcf76ffc6,2,tallyqa_static:count:9240158617665|gqa_static:presence:18485909,Not a static/audit/downstream leak; TallyQA and GQA can share VG/COCO bytes inside one split.
within_split,static,shared_physical_image_within_split,c9287504e3f7ab0efdcad26b7c020d2c2ac0e619aaf3399a09b2d3de0ac42fca,2,tallyqa_static:count:923985053230|gqa_static:spatial:04395505,Not a static/audit/downstream leak; TallyQA and GQA can share VG/COCO bytes inside one split.
within_split,static,shared_physical_image_within_split,5d31598308021df799f7011809a17be74759ce85a54898c7ed9e91a4bd73c76a,2,tallyqa_static:count:923429397790|gqa_static:spatial:10343956,Not a static/audit/downstream leak; TallyQA and GQA can share VG/COCO bytes inside one split.
within_split,static,shared_physical_image_within_split,35ae3f7192a87d0455b4947769553c081489a5663a4ae97e955d793890d1ed15,2,tallyqa_static:count:9237735612968|gqa_static:attribute:18545144,Not a static/audit/downstream leak; TallyQA and GQA can share VG/COCO bytes inside one split.
within_split,static,shared_physical_image_within_split,4251e914526aa192f057e84569451eb6ef309587adb0818bd2097f217733495e,2,tallyqa_static:count:9239848119865|gqa_static:spatial:12165493,Not a static/audit/downstream leak; TallyQA and GQA can share VG/COCO bytes inside one split.
within_split,static,shared_physical_image_within_split,9ea922bcbbfa870d174d0a40f31f9c0719d845419c59937dc2a047e6af53fc0d,2,tallyqa_static:count:9234286410382|gqa_static:spatial:05174196,Not a static/audit/downstream leak; TallyQA and GQA can share VG/COCO bytes inside one split.
within_split,static,shared_physical_image_within_split,6810ba72727d404fc1806cf1588c0a4c9d5727273ff887329ea11c217bbd321b,2,tallyqa_static:count:30130619|gqa_static:attribute:14693956,Not a static/audit/downstream leak; TallyQA and GQA can share VG/COCO bytes inside one split.
within_split,static,shared_physical_image_within_split,0a5b48a784250ba6574e16f6bbb13cdca8ed03ee281b5cee2b06d5429fd881ab,2,tallyqa_static:count:924109198241|gqa_static:presence:02228555,Not a static/audit/downstream leak; TallyQA and GQA can share VG/COCO bytes inside one split.
within_split,static,shared_physical_image_within_split,52ef70a7c74820a10e084fa38dd3e7215f5838ad41763423541f000ca6e5c780,2,tallyqa_static:count:923237452666|gqa_static:attribute:14471349,Not a static/audit/downstream leak; TallyQA and GQA can share VG/COCO bytes inside one split.
within_split,static,shared_physical_image_within_split,6edd2474aa84efd46fcc44644d5a13f69ed588b59009a2394720e68a4339d00d,2,tallyqa_static:count:9239357915479|gqa_static:attribute:101013831,Not a static/audit/downstream leak; TallyQA and GQA can share VG/COCO bytes inside one split.
within_split,static,shared_physical_image_within_split,62e4dc41b049288c4b5e6fa1cb1f4f94a55c4408a2b2287e0387094e6050ccc4,2,tallyqa_static:count:9240845010389|gqa_static:attribute:13517382,Not a static/audit/downstream leak; TallyQA and GQA can share VG/COCO bytes inside one split.
within_split,static,shared_physical_image_within_split,5087594a0816247fa4477f34a043e395199e49e76e0c42d33bc6300699d084e4,2,tallyqa_static:count:9237032417322|gqa_static:presence:06103965,Not a static/audit/downstream leak; TallyQA and GQA can share VG/COCO bytes inside one split.
within_split,static,shared_physical_image_within_split,2f6369c03b2c42a406d9d4581da44dcbca6c2c3cf61350d7f25ec450a2c9f18e,2,tallyqa_static:count:9241217515198|gqa_static:presence:06657806,Not a static/audit/downstream leak; TallyQA and GQA can share VG/COCO bytes inside one split.
within_split,static,shared_physical_image_within_split,1ba950b05a289db9274195293744c3d19ec20ac46dc188418a5b45832422ab79,2,tallyqa_static:count:90001299518|gqa_static:spatial:021017857,Not a static/audit/downstream leak; TallyQA and GQA can share VG/COCO bytes inside one split.
within_split,static,shared_physical_image_within_split,f17709ce6a8e5d1a27b1a4d8eac76773131bfe6acaed86c27068b31c3e3ba1d6,2,tallyqa_static:count:9234408618216|gqa_static:spatial:17149396,Not a static/audit/downstream leak; TallyQA and GQA can share VG/COCO bytes inside one split.
within_split,static,shared_physical_image_within_split,6348183b6e76c87f4e4eb8a9972f671c99572c7816a6d0e5301080982a2527c5,2,tallyqa_static:count:9235422320706|gqa_static:attribute:13491658,Not a static/audit/downstream leak; TallyQA and GQA can share VG/COCO bytes inside one split.
within_split,static,shared_physical_image_within_split,017802202ea622de5ca34d47d92e2d2be355958542c286b02ad40d20da75d69c,2,tallyqa_static:count:900020042584|gqa_static:presence:09770909,Not a static/audit/downstream leak; TallyQA and GQA can share VG/COCO bytes inside one split.
within_split,static,shared_physical_image_within_split,0fa7732a61aa0aa07d4bbd5e2d8cecaf56215c067f96bb45b2155a29330cb300,2,tallyqa_static:count:924007825966|gqa_static:spatial:03127150,Not a static/audit/downstream leak; TallyQA and GQA can share VG/COCO bytes inside one split.
within_split,static,shared_physical_image_within_split,021f9e1096cc1b23f22ac77e335ec4e23a84183a77509262feef59090ceddd15,2,tallyqa_static:count:9234481714458|gqa_static:attribute:08622603,Not a static/audit/downstream leak; TallyQA and GQA can share VG/COCO bytes inside one split.
within_split,static,shared_physical_image_within_split,1907f67202a380091ad44c930137cd7dfe3a24b1b99baab7311802502d0186df,2,tallyqa_static:count:924006186154|gqa_static:attribute:05768105,Not a static/audit/downstream leak; TallyQA and GQA can share VG/COCO bytes inside one split.
within_split,static,shared_physical_image_within_split,88ebe8fcfecf46008970a939b622246b4cf6959551523cc40996dbf314023dda,2,tallyqa_static:count:9237199914347|gqa_static:presence:08344677,Not a static/audit/downstream leak; TallyQA and GQA can share VG/COCO bytes inside one split.
within_split,static,shared_physical_image_within_split,fbbc508475e1abb6c9c22fc0aa05a6fc6a76553f2f97bfceac8b67f3732e48cb,2,tallyqa_static:count:9233058814663|gqa_static:attribute:05364789,Not a static/audit/downstream leak; TallyQA and GQA can share VG/COCO bytes inside one split.
within_split,static,shared_physical_image_within_split,6005a044faaf8f7efa5bc5ebb11bbcb6120b9e6a0196574887f9758661cc3b56,2,tallyqa_static:count:924063758864|gqa_static:attribute:06288722,Not a static/audit/downstream leak; TallyQA and GQA can share VG/COCO bytes inside one split.
within_split,static,shared_physical_image_within_split,37692def72f8c20ddb18182ca309f364ded53c767b32111ee7a46b7b3e83f7d5,2,tallyqa_static:count:30157795|gqa_static:attribute:13637641,Not a static/audit/downstream leak; TallyQA and GQA can share VG/COCO bytes inside one split.
within_split,static,shared_physical_image_within_split,329efdf494a7f5283a6ca81e56bc30f850262d0f2960e09352788afe85910dcd,2,tallyqa_static:count:923562902047|gqa_static:attribute:05580154,Not a static/audit/downstream leak; TallyQA and GQA can share VG/COCO bytes inside one split.
within_split,static,shared_physical_image_within_split,b5c8d5840fff8257827f8e21435d14005640c84aca0ea0cf36659aabb5bd1939,2,tallyqa_static:count:9238794813953|gqa_static:attribute:17161540,Not a static/audit/downstream leak; TallyQA and GQA can share VG/COCO bytes inside one split.
within_split,static,shared_physical_image_within_split,3f05f10fced46e2e7e68006000766f51de2d548a3b0efb888a795322a78653e0,2,tallyqa_static:count:923639317664|gqa_static:presence:15426159,Not a static/audit/downstream leak; TallyQA and GQA can share VG/COCO bytes inside one split.
within_split,static,shared_physical_image_within_split,875689cdc55b38196995827bcfa5573217bbc7b221db7a876c7ff9759c34ffaa,3,tallyqa_static:count:9236270616425|gqa_static:spatial:1331291|gqa_static:spatial:1331225,Not a static/audit/downstream leak; TallyQA and GQA can share VG/COCO bytes inside one split.
within_split,static,shared_physical_image_within_split,906330740e42a216cd17044400af3449c0d7d532bc537e74f4018431e16e4cbe,2,tallyqa_static:count:9240828510235|gqa_static:spatial:17870409,Not a static/audit/downstream leak; TallyQA and GQA can share VG/COCO bytes inside one split.
within_split,static,shared_physical_image_within_split,2e5d1b49195a62387b57d8cc93c146a8d822503dcb3b744a358228e6a27961f3,2,tallyqa_static:count:30137441|gqa_static:attribute:02863660,Not a static/audit/downstream leak; TallyQA and GQA can share VG/COCO bytes inside one split.
within_split,static,shared_physical_image_within_split,a1bdf0bf3e9f5ecf096c3ec47f8e510479da05c5e41ab0e0f728756ab64ba00d,2,tallyqa_static:count:924145869201|gqa_static:spatial:01251785,Not a static/audit/downstream leak; TallyQA and GQA can share VG/COCO bytes inside one split.
within_split,static,shared_physical_image_within_split,2b1d0a14cbcc7ac78c0a3b40e58af6ff146256f43711a66432f0448c048200ca,2,tallyqa_static:count:9240709410438|gqa_static:attribute:01277751,Not a static/audit/downstream leak; TallyQA and GQA can share VG/COCO bytes inside one split.
within_split,static,shared_physical_image_within_split,fef25c559d3739887a157e98e4c190a6cfefc00c20e56ef606f002c4485dabc9,2,tallyqa_static:count:9238572019278|gqa_static:spatial:09111192,Not a static/audit/downstream leak; TallyQA and GQA can share VG/COCO bytes inside one split.
within_split,static,shared_physical_image_within_split,c341da755e03146565519b472e597e59bfce10041f2f0a7c89cc05e5b08b4320,2,tallyqa_static:count:923536556855|gqa_static:presence:03431245,Not a static/audit/downstream leak; TallyQA and GQA can share VG/COCO bytes inside one split.
within_split,static,shared_physical_image_within_split,980359c0db1de47e71dbd583bb1ea675b199450015af16f8a1a98cd5a84e39a7,2,tallyqa_static:count:9240006010508|gqa_static:attribute:1933538,Not a static/audit/downstream leak; TallyQA and GQA can share VG/COCO bytes inside one split.
within_split,static,shared_physical_image_within_split,6b7a14ac8f3bdd724443e96e03ebe4cfa83c9e60d6460adc0416cb8c483556e3,2,tallyqa_static:count:923265567367|gqa_static:presence:15955239,Not a static/audit/downstream leak; TallyQA and GQA can share VG/COCO bytes inside one split.
within_split,static,shared_physical_image_within_split,76734e41cb622667593aa78fe8d4cbba302510dba87ea976191df594a97c071d,2,tallyqa_static:count:9235205410815|gqa_static:presence:16602037,Not a static/audit/downstream leak; TallyQA and GQA can share VG/COCO bytes inside one split.
within_split,static,shared_physical_image_within_split,cdb5512957000fccb051ba70fe03ae73e55b468ad3010cb452147dd65cb90460,2,tallyqa_static:count:9234036614369|gqa_static:attribute:02225659,Not a static/audit/downstream leak; TallyQA and GQA can share VG/COCO bytes inside one split.
within_split,static,shared_physical_image_within_split,490a0e2c94637d6c2e1e9cb8aca3066dd67e4587efd5185f924f0d4e2c43227d,2,tallyqa_static:count:30137631|gqa_static:presence:10547471,Not a static/audit/downstream leak; TallyQA and GQA can share VG/COCO bytes inside one split.
within_split,static,shared_physical_image_within_split,e7a90036bb58c3e02718b3b320306c9187e32ecce9a1c5d8dc0ffc1256466328,2,tallyqa_static:count:30118268|gqa_static:spatial:12297754,Not a static/audit/downstream leak; TallyQA and GQA can share VG/COCO bytes inside one split.
within_split,static,shared_physical_image_within_split,91378687dfa009d08088dd82f1264cd0b3f6d2db6e2dac89b461331704cc31c9,2,tallyqa_static:count:923818616874|gqa_static:attribute:10994197,Not a static/audit/downstream leak; TallyQA and GQA can share VG/COCO bytes inside one split.
within_split,static,shared_physical_image_within_split,12680e763adb574f3389918ea071e2172859bdabb9a95d948e0fd120bfdac90a,2,tallyqa_static:count:923815511628|gqa_static:presence:05856413,Not a static/audit/downstream leak; TallyQA and GQA can share VG/COCO bytes inside one split.
within_split,static,shared_physical_image_within_split,c1237d663059f507ce3b04dcf73afdbd5e2ae16743488c55816bda39aa61d845,2,gqa_static:attribute:07150042|gqa_static:presence:07150128,Not a static/audit/downstream leak; TallyQA and GQA can share VG/COCO bytes inside one split.
within_split,static,shared_physical_image_within_split,5ba638d0ee48b9f312e4585aaffb8cdc74979622f1b3ee65b216ed9607f88078,2,gqa_static:attribute:16780456|gqa_static:spatial:16780516,Not a static/audit/downstream leak; TallyQA and GQA can share VG/COCO bytes inside one split.
within_split,static,shared_physical_image_within_split,fdd4e4a7d04e39230b9e35b5bff052bbfbc23e00f75bd25210bb1ede7e878d14,2,gqa_static:attribute:01307634|gqa_static:spatial:01307818,Not a static/audit/downstream leak; TallyQA and GQA can share VG/COCO bytes inside one split.
within_split,static,shared_physical_image_within_split,b7c8d0db0d9f91fef2b938a4ad0ecbd01cffff168ef686f02f34dac3869fbd8f,2,gqa_static:attribute:05782065|gqa_static:spatial:05782138,Not a static/audit/downstream leak; TallyQA and GQA can share VG/COCO bytes inside one split.
within_split,static,shared_physical_image_within_split,aa0ca31cff1f8d66f7b9dac17bc7ed9ed68c63e1579c26363fffd61cc6a799c4,2,gqa_static:presence:07324824|gqa_static:spatial:07324862,Not a static/audit/downstream leak; TallyQA and GQA can share VG/COCO bytes inside one split.
within_split,static,shared_physical_image_within_split,e6673caf22f657b6e62b10741bb07525cfecf640291f0b5c860be772688f28bc,2,gqa_static:presence:04623934|gqa_static:spatial:04623820,Not a static/audit/downstream leak; TallyQA and GQA can share VG/COCO bytes inside one split.
within_split,static,shared_physical_image_within_split,0b77d83156c12bae81fba071a11a9111c1f60a8cfd933d72863ea986aa6b721b,2,gqa_static:spatial:15419292|gqa_static:spatial:15419296,Not a static/audit/downstream leak; TallyQA and GQA can share VG/COCO bytes inside one split.
pre_repair_v1,static__downstream_v1,logical_disjoint_but_physical_overlap,1e8a9fb917bf18d475a68908f6f8ec557b7568c20157b2db70b3d10ac91c3cab,2,tallyqa_static:count:900010323335|gqa_down:attribute:10438564,Namespace collision: GQA image_id vs TallyQA vg:image_id map to the same bytes.
pre_repair_v1,static__downstream_v1,logical_disjoint_but_physical_overlap,1e8a9fb917bf18d475a68908f6f8ec557b7568c20157b2db70b3d10ac91c3cab,2,tallyqa_static:count:900010323335|gqa_down:spatial:10438465,Namespace collision: GQA image_id vs TallyQA vg:image_id map to the same bytes.
pre_repair_v1,static__downstream_v1,logical_disjoint_but_physical_overlap,292e03e8c55dad0c63973ab3863a9a71e095259954a594b1cf529a512b86e7e3,2,gqa_static:attribute:15281057|tallyqa_down:count:915921582034,Namespace collision: GQA image_id vs TallyQA vg:image_id map to the same bytes.
pre_repair_v1,static__downstream_v1,logical_disjoint_but_physical_overlap,fdd93e411fee0acf565412dab9e9fec1cb8547e858780049871878a9ce737059,2,gqa_static:spatial:11236791|tallyqa_down:count:92315460194,Namespace collision: GQA image_id vs TallyQA vg:image_id map to the same bytes.
pre_repair_v1,static__downstream_v1,logical_disjoint_but_physical_overlap,f775808c2e70dc9f1eb00f4dd4ae187e75e64a59835df918317eee6a19f24865,2,gqa_static:attribute:01638103|tallyqa_down:count:30160837,Namespace collision: GQA image_id vs TallyQA vg:image_id map to the same bytes.
pre_repair_v1,static__downstream_v1,logical_disjoint_but_physical_overlap,e3c5784636e953515b567849b746713e7532fbda03bf69254a132708e4da8fa5,2,gqa_static:attribute:06807163|tallyqa_down:count:30160652,Namespace collision: GQA image_id vs TallyQA vg:image_id map to the same bytes.
pre_repair_v1,static__downstream_v1,logical_disjoint_but_physical_overlap,b068e112e4ed4fcacf7c64ffd2762ef9a4a0caf971b17f3b523f6dcf4d367aac,2,gqa_static:presence:02580936|tallyqa_down:count:30159923,Namespace collision: GQA image_id vs TallyQA vg:image_id map to the same bytes.
pre_repair_v1,static__downstream_v1,logical_disjoint_but_physical_overlap,488c6d744cb8f0941a540a2e2e670e283aa26c43740b965b3a84cbe72e62c9df,2,gqa_static:presence:05579442|tallyqa_down:count:923170865116,Namespace collision: GQA image_id vs TallyQA vg:image_id map to the same bytes.
pre_repair_v1,static__downstream_v1,logical_disjoint_but_physical_overlap,72e888da312ff191d0dff7515a570c3dfa84fdc426609142c5f3d7260b34a5e3,2,gqa_static:presence:03736901|tallyqa_down:count:9231751515960,Namespace collision: GQA image_id vs TallyQA vg:image_id map to the same bytes.
pre_repair_v1,static__downstream_v1,logical_disjoint_but_physical_overlap,6a4bb1351956eb5c746b61ab433a1bc565f31059466c5599f9c9a41017ee92f1,2,gqa_static:attribute:18479646|tallyqa_down:count:30159577,Namespace collision: GQA image_id vs TallyQA vg:image_id map to the same bytes.
pre_repair_v1,static__downstream_v1,logical_disjoint_but_physical_overlap,e99a064b09ff45f3d4572cd11f2df494c9f9463958ea0e16538a583389d4eaef,2,tallyqa_static:count:923176253564|gqa_down:presence:15597489,Namespace collision: GQA image_id vs TallyQA vg:image_id map to the same bytes.
pre_repair_v1,static__downstream_v1,logical_disjoint_but_physical_overlap,198b595b2b7e775080197a08bff3f2ee512e09a87d0d12f5ba2054306bf48695,2,tallyqa_static:count:9231846910201|gqa_down:presence:01116574,Namespace collision: GQA image_id vs TallyQA vg:image_id map to the same bytes.
pre_repair_v1,static__downstream_v1,logical_disjoint_but_physical_overlap,27f83acf90e9d73cc39257b4d0d9fcb66fe982e350207eaee61aa834f559796f,2,gqa_static:presence:1572307|tallyqa_down:count:9231848015480,Namespace collision: GQA image_id vs TallyQA vg:image_id map to the same bytes.
pre_repair_v1,static__downstream_v1,logical_disjoint_but_physical_overlap,be0ccba62e4b4cac25b2cc2fbfd95b784d17f8da99f9551e606dbfccf99e8f64,2,tallyqa_static:count:30158936|gqa_down:attribute:07523160,Namespace collision: GQA image_id vs TallyQA vg:image_id map to the same bytes.
pre_repair_v1,static__downstream_v1,logical_disjoint_but_physical_overlap,5e6697dc6a6070921171e14e685160f823b7cc04ce06a457610e65f3dd3c9c9e,2,tallyqa_static:count:923188537672|gqa_down:attribute:00523936,Namespace collision: GQA image_id vs TallyQA vg:image_id map to the same bytes.
pre_repair_v1,static__downstream_v1,logical_disjoint_but_physical_overlap,c87fd6a04282ec786079e7ced2cc1cc6d31b07e8007e73c7077a91ed308377f6,2,gqa_static:spatial:19373042|tallyqa_down:count:30158167,Namespace collision: GQA image_id vs TallyQA vg:image_id map to the same bytes.
pre_repair_v1,static__downstream_v1,logical_disjoint_but_physical_overlap,b0c4aab6a25f97db6c326d65b6eb85c0e058e16ac6c09a18b900525296bcc524,2,tallyqa_static:count:30158015|gqa_down:spatial:01310441,Namespace collision: GQA image_id vs TallyQA vg:image_id map to the same bytes.
pre_repair_v1,static__downstream_v1,logical_disjoint_but_physical_overlap,9b77651bfd2c0fda7256c01cbe86f4845eef2371660a6713720ea7016ce75095,2,tallyqa_static:count:30157888|gqa_down:attribute:08694285,Namespace collision: GQA image_id vs TallyQA vg:image_id map to the same bytes.
pre_repair_v1,static__downstream_v1,logical_disjoint_but_physical_overlap,733459aa93a1714f72c96e83ed482bc8f89220064cb4e504f09202891d5ff265,2,tallyqa_static:count:30157432|gqa_down:presence:11175896,Namespace collision: GQA image_id vs TallyQA vg:image_id map to the same bytes.
pre_repair_v1,static__downstream_v1,logical_disjoint_but_physical_overlap,67e9a15583a2f45e8ad22e261f6f1ba04af8402c0a9959297e4231b7aee848f3,2,tallyqa_static:count:30156943|gqa_down:attribute:01475354,Namespace collision: GQA image_id vs TallyQA vg:image_id map to the same bytes.
archive_filename,results,audit_file_named_static_jsonl,,1,results/<expanded_model>/audit/static.jsonl,Expanded-model audit judgments live under audit/static.jsonl; execution/.../static.jsonl is the independent static benchmark.
canonical_csv,canonical_model_artifacts.csv,original_four_audit_file_points_at_static_jsonl,,4,qwen|gemma|molmo|skywork,HF canonical table maps both static_file and audit_file to the 800-row static.jsonl. True audit judgments are results/<model>/*audit.jsonl on autodl-fs.
